rule_index,old_tp,old_sl,old_capital_pct,new_tp,new_sl,new_capital_pct,changed_tp_sl,changed_capital,full_signals,train_signals,test_signals,hidden_signals,rest_signals,train_sum_net_pct,test_sum_net_pct,hidden_sum_net_pct,rest_sum_net_pct,conditions
1,2.0,1.0,12.5,3.5,1.0,6.0,True,True,23,3,2,4,14,-3.6000001430511475,-1.0938634872436523,13.199999809265137,-7.917549133300781,[rsi_centered_14] IS Strong Bullish AND [band_bb_percB_20_2] IS Strong Bearish AND [close_location_value] IS Very Low AND [dmi_balance_14] IS Extreme Bullish AND [vol_over_median20] IS Very Low AND [range_compression_20_100] IS Very Low AND [mom_stoch_rsi_14_14_3] IS Very Low AND [log_range_over_vol_100] IS Very High AND [macd_hist_atr] IS Extreme Bearish AND [percent_b_20] IS Strong Bearish
2,2.0,1.0,12.5,3.5,1.25,10.0,True,True,18,3,1,4,10,-1.0192731618881226,2.707916021347046,13.199999809265137,-5.000000476837158,[rsi_centered_14] IS Strong Bullish AND [band_bb_percB_20_2] IS Strong Bearish AND [upside_semivol_20] IS Medium AND [vol_over_ema20] IS Very Low AND [dollar_vol_rel_20] IS Very Low AND [range_compression_20_100] IS Very Low
3,2.0,1.0,12.5,2.5,1.25,6.0,True,True,29,8,2,4,15,-0.23571205139160156,-2.9000000953674316,9.199999809265137,4.500000953674316,[ema_gap_atr_20] IS Weak Bullish AND [band_bb_percB_20_2] IS Strong Bearish AND [downside_semivol_20] IS Medium AND [range_compression_20_100] IS Very Low AND [mom_stoch_rsi_14_14_3] IS Very Low
4,2.0,1.0,12.5,2.5,1.0,12.5,True,False,30,9,5,4,12,6.699999809265137,4.5,9.199999809265137,4.605487823486328,[rsi_centered_14] IS Strong Bullish AND [channel_pos_20] IS Very Low AND [ret_autocorr_1_30] IS Weak Bullish AND [efficiency_ratio_20] IS Very Low
5,2.0,1.0,12.5,2.0,1.25,12.5,True,False,11,2,4,4,1,0.34999990463256836,7.199999809265137,7.199999809265137,-0.37772512435913086,[rsi_centered_14] IS Strong Bullish AND [channel_pos_20] IS Very Low AND [roc_10] IS Bearish AND [atr_pct_14] IS Very High
6,2.0,1.0,12.5,2.0,1.5,6.0,True,True,18,5,1,4,8,-7.184124946594238,-0.13837668299674988,7.199999809265137,4.110352039337158,[dmi_balance_14] IS Strong Bullish AND [ema_gap_atr_20] IS Extreme Bearish AND [close_location_value] IS Low AND [up_close_ratio_5] IS Very Low
7,2.0,1.0,12.5,2.0,1.0,12.5,False,False,26,8,7,4,7,5.399999618530273,3.5999996662139893,7.199999809265137,3.5999996662139893,[rsi_centered_14] IS Strong Bullish AND [band_bb_percB_20_2] IS Strong Bearish AND [vol_ratio_20_100] IS Very High AND [atr_pct_14] IS Very High
8,2.0,1.0,12.5,3.5,1.5,12.5,True,False,9,4,0,4,1,10.193366050720215,0.0,13.199999809265137,3.299999952316284,[rsi_centered_14] IS Strong Bullish AND [band_bb_percB_20_2] IS Strong Bearish AND [vol_ratio_20_100] IS Low AND [atr_pct_14] IS Very High
9,2.0,1.0,12.5,3.5,2.0,12.5,True,False,9,0,3,4,2,0.0,2.285459041595459,7.699999809265137,1.0999999046325684,[ema_gap_atr_20] IS Bullish AND [band_bb_percB_20_2] IS Weak Bearish AND [roc_10] IS Extreme Bullish AND [vol_over_ema20] IS Very Low
10,2.0,1.0,12.5,3.5,1.0,12.5,True,False,6,0,1,4,1,0.0,3.299999952316284,8.699999809265137,-1.2000000476837158,[ema_gap_atr_20] IS Bullish AND [band_bb_percB_20_2] IS Weak Bearish AND [roc_10] IS Extreme Bullish AND [ema_slope_atr_20_5] IS Extreme Bullish
11,2.0,1.0,12.5,2.5,1.0,12.5,True,False,25,16,2,4,3,8.340484619140625,0.289800763130188,9.199999809265137,-0.10000014305114746,[channel_pos_20] IS Low AND [ema_gap_atr_20] IS Extreme Bullish AND [dollar_vol_rel_20] IS High AND [atr_pct_14] IS Very High
12,2.0,1.0,12.5,3.5,1.75,6.0,True,True,23,7,3,4,9,-1.5387828350067139,-0.6000001430511475,7.949999809265137,13.881004333496094,[ema_gap_atr_20] IS Neutral Positive AND [band_bb_percB_20_2] IS Extreme Bearish AND [tr_to_atr_14] IS Low AND [atr_pct_14] IS Very High
13,2.0,1.0,12.5,3.5,1.25,8.0,True,True,24,7,1,4,12,7.615477561950684,-1.4500000476837158,13.199999809265137,-0.0982506275177002,[ema_gap_atr_20] IS Weak Bullish AND [band_bb_percB_20_2] IS Strong Bearish AND [dmi_balance_14] IS Extreme Bullish AND [atr_pct_14] IS Very High
14,2.0,1.0,12.5,3.0,1.75,12.5,True,False,50,14,5,4,27,6.980401039123535,1.806136131286621,8.708625793457031,-10.908002853393555,[rsi_centered_14] IS Strong Bullish AND [channel_pos_20] IS Very Low AND [ema_slope_atr_20_5] IS Strong Bullish AND [up_close_ratio_5] IS Very Low
15,2.0,1.0,12.5,2.0,1.75,10.0,True,True,14,1,3,4,6,-1.9500000476837158,2.3676795959472656,7.199999809265137,1.2197670936584473,[ema_gap_atr_20] IS Bullish AND [channel_pos_20] IS Very Low AND [realized_vol_20] IS High AND [close_location_value] IS Very Low
16,2.0,1.0,12.5,3.5,1.0,8.0,True,True,13,0,3,4,6,0.0,-3.6000001430511475,12.318922996520996,-2.3668270111083984,[ema_gap_atr_20] IS Bullish AND [channel_pos_20] IS Very Low AND [realized_vol_20] IS High AND [tr_to_atr_14] IS Low
17,2.0,1.0,12.5,3.0,1.75,8.0,True,True,27,7,1,4,15,2.254655599594116,-1.1039170026779175,6.952227592468262,17.16556739807129,[dmi_balance_14] IS Strong Bullish AND [ema_slope_atr_20_5] IS Extreme Bearish AND [downside_semivol_20] IS High AND [up_close_ratio_5] IS Very High
18,2.0,1.0,12.5,3.0,1.0,8.0,True,True,28,14,3,4,7,11.149890899658203,-3.6000001430511475,7.199999809265137,3.0290114879608154,[dmi_balance_14] IS Strong Bullish AND [ema_slope_atr_20_5] IS Extreme Bearish AND [downside_semivol_20] IS High AND [vol_ratio_20_100] IS Very High
19,2.0,1.0,12.5,3.5,1.25,10.0,True,True,13,2,0,4,7,-2.9000000953674316,0.0,8.449999809265137,4.203747749328613,[dmi_balance_14] IS Strong Bullish AND [ema_slope_atr_20_5] IS Extreme Bearish AND [downside_semivol_20] IS High AND [band_bb_percB_20_2] IS Extreme Bearish
20,2.0,1.0,12.5,2.0,1.25,12.5,True,False,17,6,0,4,7,3.3342082500457764,0.0,7.199999809265137,-0.40000009536743164,[dmi_balance_14] IS Strong Bullish AND [ema_slope_atr_20_5] IS Extreme Bearish AND [downside_semivol_20] IS High AND [atr_pct_14] IS High
21,2.0,1.0,12.5,3.0,1.75,8.0,True,True,24,5,1,4,14,5.372806549072266,-1.9500000476837158,11.199999809265137,-0.9033522605895996,[channel_pos_20] IS Low AND [ema_gap_atr_20] IS Extreme Bullish AND [downside_semivol_20] IS High AND [atr_pct_14] IS Medium
22,2.0,1.0,12.5,2.0,1.5,10.0,True,True,31,5,5,4,17,-3.4628512859344482,3.339768171310425,7.199999809265137,7.639490127563477,[ema_gap_atr_20] IS Bullish AND [channel_pos_20] IS Very Low AND [up_close_ratio_5] IS Very Low AND [vol_ratio_20_100] IS Low
23,2.0,1.0,12.5,2.0,2.0,8.0,True,True,29,6,3,4,16,2.118391990661621,-3.350489854812622,7.199999809265137,5.669193267822266,[ema_gap_atr_20] IS Bullish AND [channel_pos_20] IS Very Low AND [up_close_ratio_5] IS Very Low AND [vol_ratio_20_100] IS Medium
24,2.0,1.0,12.5,3.5,1.25,10.0,True,True,36,7,6,4,19,-5.40000057220459,4.083791732788086,13.199999809265137,3.1891696453094482,[ema_gap_atr_20] IS Bullish AND [channel_pos_20] IS Very Low AND [up_close_ratio_5] IS Very Low AND [band_bb_percB_20_2] IS Neutral Negative
25,2.0,1.0,12.5,2.5,1.25,12.5,True,False,33,12,5,4,12,8.84999942779541,7.75,9.199999809265137,-1.3268871307373047,[rsi_centered_14] IS Strong Bullish AND [channel_pos_20] IS Very Low AND [vol_ratio_20_100] IS Medium AND [ema_slope_atr_20_5] IS Bullish
26,2.0,1.0,12.5,3.5,1.0,10.0,True,True,14,4,1,4,5,-0.3000001907348633,3.299999952316284,13.199999809265137,-1.500000238418579,[rsi_centered_14] IS Strong Bullish AND [channel_pos_20] IS Very Low AND [ema_gap_atr_20] IS Neutral Positive AND [vol_ratio_20_100] IS Low
27,2.0,1.0,12.5,2.0,1.5,6.0,True,True,20,3,1,4,12,-1.6000001430511475,-0.051439184695482254,7.199999809265137,4.100000381469727,[ema_gap_atr_20] IS Bullish AND [channel_pos_20] IS Very Low AND [ema_slope_atr_20_5] IS Extreme Bullish AND [vol_ratio_20_100] IS Low
28,2.0,1.0,12.5,2.5,1.0,12.5,True,False,27,6,3,5,13,3.299999952316284,3.3999998569488525,8.0,3.1908328533172607,[ema_gap_atr_20] IS Neutral Positive AND [band_bb_percB_20_2] IS Extreme Bearish AND [tr_to_atr_14] IS Low AND [dmi_balance_14] IS Extreme Bullish
29,2.0,1.0,12.5,2.0,1.0,12.5,False,False,73,16,8,6,43,0.2484297752380371,2.3999996185302734,10.800000190734863,-12.710016250610352,[ema_gap_atr_20] IS Bullish AND [channel_pos_20] IS Very Low AND [up_close_ratio_5] IS Very Low AND [tr_to_atr_14] IS Very Low
30,2.0,1.0,12.5,3.0,1.25,12.5,True,False,41,13,4,6,18,5.656105995178223,4.256136894226074,16.799999237060547,-0.0048122406005859375,[rsi_centered_14] IS Strong Bullish AND [channel_pos_20] IS Very Low AND [vol_ratio_20_100] IS Medium AND [close_location_value] IS Very Low
31,2.0,1.0,12.5,3.0,1.5,12.5,True,False,31,8,8,6,9,1.9322586059570312,2.5849900245666504,16.799999237060547,-1.7745652198791504,[rsi_centered_14] IS Strong Bullish AND [channel_pos_20] IS Very Low AND [vol_ratio_20_100] IS Medium AND symbol is 7
32,2.0,1.0,12.5,2.0,2.0,10.0,True,True,29,8,2,7,12,-4.3493828773498535,3.5999999046325684,12.600000381469727,10.068164825439453,[upside_semivol_20] IS High AND [realized_vol_20] IS Very Low AND [ret_autocorr_1_30] IS Weak Bearish AND [atr_pct_14] IS Medium
33,2.0,1.0,12.5,2.0,2.0,10.0,True,True,62,14,7,9,32,-11.328605651855469,2.897294044494629,12.199999809265137,1.9239609241485596,[upside_semivol_20] IS High AND [realized_vol_20] IS Very Low AND [ret_autocorr_1_30] IS Weak Bearish AND [parkinson_vol_20] IS Low
34,2.0,1.0,12.5,2.0,1.0,12.5,False,False,5,0,5,0,0,0.0,9.0,0.0,0.0,[realized_vol_20] IS High AND [parkinson_vol_20] IS Very Low AND [efficiency_ratio_20] IS Very Low AND [downside_semivol_20] IS Very High AND [channel_pos_20] IS Very Low AND [vol_ratio_20_100] IS Very High AND [return_skew_30] IS Extreme Bearish AND [atr_pct_14] IS Very Low AND [ret_autocorr_1_30] IS Extreme Bearish AND [range_compression_20_100] IS High
35,2.0,1.0,12.5,2.0,1.0,12.5,False,False,5,0,5,0,0,0.0,9.0,0.0,0.0,[realized_vol_20] IS High AND [parkinson_vol_20] IS Very Low AND [ema_slope_atr_20_5] IS Extreme Bearish AND [downside_semivol_20] IS Very High AND [channel_pos_20] IS Very Low AND [vol_ratio_20_100] IS Very High
36,2.0,1.0,12.5,2.0,1.0,10.0,False,True,8,3,5,0,0,-0.8296219110488892,9.0,0.0,0.0,[parkinson_vol_20] IS High AND [atr_pct_14] IS Very Low AND [return_skew_30] IS Neutral Negative AND [up_close_ratio_5] IS Very High AND [vol_ratio_20_100] IS Very Low
37,2.0,1.0,12.5,2.0,1.0,10.0,False,True,14,1,5,2,6,-1.2000000476837158,9.0,0.5999999046325684,-4.199999809265137,[ema_gap_atr_20] IS Bullish AND [band_bb_percB_20_2] IS Bearish AND [ret_autocorr_1_30] IS Strong Bullish AND [mom_stoch_rsi_14_14_3] IS Very Low AND [range_compression_20_100] IS Very Low
38,2.0,1.0,12.5,3.5,1.5,12.5,True,False,24,2,5,2,15,1.5999999046325684,15.192419052124023,5.5489606857299805,-18.627363204956055,[rsi_centered_14] IS Strong Bullish AND [band_bb_percB_20_2] IS Strong Bearish AND [downside_semivol_20] IS Low AND [vol_over_median20] IS Very Low AND [vol_over_ema20] IS Very Low
39,2.0,1.0,12.5,3.5,1.5,10.0,True,True,28,5,5,2,16,-3.500000238418579,13.930303573608398,5.5489606857299805,-10.327363967895508,[rsi_centered_14] IS Strong Bullish AND [band_bb_percB_20_2] IS Strong Bearish AND [downside_semivol_20] IS Low AND [log_range_over_vol_100] IS Very High AND [mom_stoch_rsi_14_14_3] IS Very Low
40,2.0,1.0,12.5,2.0,2.0,12.5,True,False,19,6,5,0,8,0.3708152770996094,9.0,0.0,-0.29917144775390625,[parkinson_vol_20] IS High AND [atr_pct_14] IS Very Low AND [band_bb_percB_20_2] IS Neutral Positive AND [vol_ratio_20_100] IS Very Low
41,2.0,1.0,12.5,3.5,1.0,10.0,True,True,9,2,5,0,2,-0.8127038478851318,12.0,0.0,-2.4000000953674316,[parkinson_vol_20] IS High AND [atr_pct_14] IS Very Low AND [macd_hist_atr] IS Weak Bullish AND [roc_10] IS Extreme Bullish
42,2.0,1.0,12.5,3.5,1.75,10.0,True,True,39,3,5,0,31,-2.674535036087036,16.5,0.0,-17.620786666870117,[parkinson_vol_20] IS High AND [atr_pct_14] IS Very Low AND symbol is 5 AND [up_close_ratio_5] IS Very Low
43,2.0,1.0,12.5,2.5,1.0,6.0,True,True,23,7,5,4,7,-3.8657801151275635,11.5,-0.5482611656188965,-2.506146192550659,[rsi_centered_14] IS Strong Bullish AND [channel_pos_20] IS Very Low AND [ret_autocorr_1_30] IS Strong Bullish AND [tr_to_atr_14] IS Very Low
44,2.0,1.0,12.5,2.0,1.5,10.0,True,True,39,20,5,0,14,-4.836755752563477,9.0,0.0,6.152250289916992,[parkinson_vol_20] IS High AND [atr_pct_14] IS Very Low AND [realized_vol_20] IS Very Low AND [tr_to_atr_14] IS Very Low
45,2.0,1.0,12.5,2.0,1.5,12.5,True,False,37,16,5,0,16,14.800732612609863,9.0,0.0,7.0109663009643555,[parkinson_vol_20] IS High AND [atr_pct_14] IS Very Low AND [realized_vol_20] IS Very Low AND [close_location_value] IS Very High
46,2.0,1.0,12.5,3.5,2.0,8.0,True,True,28,12,5,1,10,19.614547729492188,16.5,-2.200000047683716,17.26955795288086,[parkinson_vol_20] IS High AND [atr_pct_14] IS Very Low AND [upside_semivol_20] IS High AND [vol_ratio_20_100] IS Very High
47,2.0,1.0,12.5,3.5,1.0,6.0,True,True,14,4,5,2,3,-4.800000190734863,16.5,-2.4000000953674316,-1.8624924421310425,[parkinson_vol_20] IS High AND [atr_pct_14] IS Very Low AND [upside_semivol_20] IS High AND [vol_over_median20] IS Very High
48,2.0,1.0,12.5,3.5,1.75,12.5,True,False,13,4,5,0,4,1.3019850254058838,16.5,0.0,5.962602138519287,[parkinson_vol_20] IS High AND [atr_pct_14] IS Very Low AND [upside_semivol_20] IS High AND [vol_over_median20] IS Low
49,2.0,1.0,12.5,3.5,1.0,6.0,True,True,11,3,5,1,2,-3.6000001430511475,16.5,-1.2000000476837158,6.599999904632568,[parkinson_vol_20] IS High AND [atr_pct_14] IS Very Low AND [upside_semivol_20] IS High AND [range_compression_20_100] IS High
50,2.0,1.0,12.5,2.0,1.75,10.0,True,True,37,9,5,0,23,-2.5500004291534424,9.0,0.0,-0.4773053824901581,[parkinson_vol_20] IS High AND [atr_pct_14] IS Very Low AND [efficiency_ratio_20] IS High AND [ret_autocorr_1_30] IS Extreme Bullish
51,2.0,1.0,12.5,2.0,1.0,10.0,False,True,19,8,5,0,6,-6.600000381469727,9.0,0.0,0.42102372646331787,[parkinson_vol_20] IS High AND [realized_vol_20] IS Very Low AND symbol is 8 AND [channel_pos_20] IS Medium
52,2.0,1.0,12.5,2.0,1.5,12.5,True,False,11,6,5,0,0,10.800000190734863,9.0,0.0,0.0,[parkinson_vol_20] IS High AND [realized_vol_20] IS Very Low AND symbol is 8 AND [atr_pct_14] IS Low
53,2.0,1.0,12.5,2.0,1.0,6.0,False,True,10,3,5,1,1,-3.6000001430511475,9.0,-1.2000000476837158,1.7999999523162842,[parkinson_vol_20] IS High AND [realized_vol_20] IS Very Low AND symbol is 8 AND [macd_hist_atr] IS Strong Bullish
54,2.0,1.0,12.5,2.0,1.5,6.0,True,True,24,3,5,1,15,-1.6000001430511475,9.0,-1.7000000476837158,1.9336390495300293,[parkinson_vol_20] IS High AND [atr_pct_14] IS Very Low AND [downside_semivol_20] IS Very Low AND [macd_hist_atr] IS Strong Bearish
55,2.0,1.0,12.5,2.5,1.0,12.5,True,False,24,11,5,2,6,5.669914245605469,11.5,1.0999999046325684,8.278254508972168,[rsi_centered_14] IS Strong Bullish AND [channel_pos_20] IS Very Low AND [log_range_over_vol_100] IS Low AND [vol_ratio_20_100] IS Very High
56,2.0,1.0,12.5,2.5,2.0,12.5,True,False,43,8,5,6,24,4.899999618530273,11.5,4.799999713897705,-6.03757905960083,[rsi_centered_14] IS Strong Bullish AND [channel_pos_20] IS Very Low AND symbol is 8 AND [up_close_ratio_5] IS Very Low
57,2.0,1.0,12.5,3.5,1.5,12.5,True,False,17,5,5,1,6,11.5,16.5,3.299999952316284,-5.200000286102295,[rsi_centered_14] IS Strong Bullish AND [band_bb_percB_20_2] IS Bearish AND symbol is 5 AND [realized_vol_20] IS Very High
58,2.0,1.0,12.5,2.0,1.75,12.5,True,False,41,10,5,3,23,6.75,9.0,1.6499998569488525,8.776701927185059,[rsi_centered_14] IS Strong Bullish AND [band_bb_percB_20_2] IS Extreme Bearish AND [vol_ratio_20_100] IS Very High AND [range_compression_20_100] IS Very Low
59,2.0,1.0,12.5,2.0,1.75,6.0,True,True,32,7,5,2,18,-0.6811678409576416,9.0,-0.15000009536743164,7.276701927185059,[rsi_centered_14] IS Strong Bullish AND [band_bb_percB_20_2] IS Extreme Bearish AND [vol_ratio_20_100] IS Very High AND [ema_gap_atr_20] IS Neutral Positive
60,2.0,1.0,12.5,2.5,1.0,10.0,True,True,18,1,5,4,8,-1.2000000476837158,8.0,2.1999998092651367,-6.100000381469727,[rsi_centered_14] IS Strong Bullish AND [band_bb_percB_20_2] IS Bearish AND [vol_ratio_20_100] IS High AND [downside_semivol_20] IS Very High
61,2.0,1.0,12.5,3.0,1.0,10.0,True,True,37,12,5,3,17,-0.23126983642578125,8.392818450927734,4.399999618530273,-10.601752281188965,[rsi_centered_14] IS Strong Bullish AND [band_bb_percB_20_2] IS Bearish AND [vol_ratio_20_100] IS High AND [up_close_ratio_5] IS Very Low
62,2.0,1.0,12.5,3.5,1.0,12.5,True,False,17,9,5,1,2,5.933039665222168,8.901741981506348,3.299999952316284,2.0999999046325684,[parkinson_vol_20] IS High AND [realized_vol_20] IS Very Low AND [return_skew_30] IS Bullish AND [vol_ratio_20_100] IS Low
63,2.0,1.0,12.5,2.0,1.75,12.5,True,False,39,11,5,1,22,1.049999475479126,9.0,1.7999999523162842,-7.254726409912109,[rsi_centered_14] IS Strong Bullish AND [band_bb_percB_20_2] IS Extreme Bearish AND [channel_pos_20] IS Very Low AND [tr_to_atr_14] IS Very Low
64,2.0,1.0,12.5,3.5,1.0,12.5,True,False,27,9,5,0,13,4.663804054260254,10.013530731201172,0.0,12.465987205505371,[rsi_centered_14] IS Strong Bullish AND [band_bb_percB_20_2] IS Bearish AND [ret_autocorr_1_30] IS Extreme Bearish AND [dmi_balance_14] IS Extreme Bullish
65,2.0,1.0,12.5,2.5,1.75,6.0,True,True,31,6,6,2,17,-2.311516046524048,13.800000190734863,-0.14921751618385315,8.93381118774414,[parkinson_vol_20] IS High AND [atr_pct_14] IS Very Low AND [downside_semivol_20] IS Very Low AND [rsi_centered_14] IS Bullish
66,2.0,1.0,12.5,2.0,1.0,10.0,False,True,20,3,7,1,9,-0.6000001430511475,12.600000381469727,1.7999999523162842,-4.800000190734863,[parkinson_vol_20] IS High AND [atr_pct_14] IS Very Low AND symbol is 8 AND [vol_over_ema20] IS Low
67,2.0,1.0,12.5,2.0,1.0,10.0,False,True,23,8,7,2,6,-5.677233695983887,9.600000381469727,0.5999999046325684,-0.5558018684387207,[parkinson_vol_20] IS High AND [realized_vol_20] IS Very Low AND [return_skew_30] IS Bullish AND [upside_semivol_20] IS Low
68,2.0,1.0,12.5,3.5,1.0,12.5,True,False,24,10,6,2,6,6.0,15.300000190734863,6.599999904632568,6.299999713897705,[rsi_centered_14] IS Strong Bullish AND [band_bb_percB_20_2] IS Bearish AND symbol is 5 AND [vol_ratio_20_100] IS Very High
69,2.0,1.0,12.5,3.5,2.0,12.5,True,False,24,2,6,5,11,1.0999999046325684,15.726186752319336,7.983386039733887,-13.024002075195312,[rsi_centered_14] IS Bullish AND [band_bb_percB_20_2] IS Extreme Bearish AND [roc_10] IS Neutral Negative AND [vol_over_median20] IS Very Low
70,2.0,1.0,12.5,3.5,1.0,12.5,True,False,18,8,1,3,6,12.899999618530273,3.299999952316284,5.399999618530273,1.799999713897705,[vol_over_ema20] IS Medium AND [dollar_vol_rel_20] IS Low AND [macd_hist_atr] IS Bearish AND [log_range_over_vol_100] IS Very High AND [vol_ratio_20_100] IS Very High AND [channel_pos_20] IS Very Low AND [roc_10] IS Extreme Bearish AND [band_bb_percB_20_2] IS Extreme Bearish AND [percent_b_20] IS Extreme Bearish AND [ema_slope_atr_20_5] IS Extreme Bearish
71,2.0,1.0,12.5,2.0,1.0,8.0,False,True,18,8,2,5,3,14.399999618530273,0.8248628377914429,-2.384185791015625e-07,5.053343772888184,[vol_over_ema20] IS Medium AND [dollar_vol_rel_20] IS Low AND [macd_hist_atr] IS Bearish AND [log_range_over_vol_100] IS Very High AND [channel_pos_20] IS Very Low AND [up_close_ratio_5] IS Very Low AND [band_bb_percB_20_2] IS Extreme Bearish AND [percent_b_20] IS Extreme Bearish AND [ema_slope_atr_20_5] IS Extreme Bearish
72,2.0,1.0,12.5,3.5,1.5,8.0,True,True,31,8,5,2,16,13.747537612915039,-3.489861011505127,1.5999999046325684,-7.984554767608643,[realized_vol_20] IS High AND [downside_semivol_20] IS Very Low AND [roc_10] IS Bearish AND [channel_pos_20] IS Very High AND [ema_slope_atr_20_5] IS Extreme Bullish AND [tr_to_atr_14] IS Very Low AND [upside_semivol_20] IS Very High AND [efficiency_ratio_20] IS Very High
73,2.0,1.0,12.5,3.5,1.0,12.5,True,False,47,8,9,6,24,12.54623794555664,0.5917479991912842,1.799999713897705,-2.029168128967285,[realized_vol_20] IS High AND [downside_semivol_20] IS Very Low AND [roc_10] IS Bearish AND [channel_pos_20] IS Very High AND [ema_slope_atr_20_5] IS Extreme Bullish AND [rsi_centered_14] IS Extreme Bullish AND [upside_semivol_20] IS Very High AND [efficiency_ratio_20] IS Very High
74,2.0,1.0,12.5,2.5,1.0,12.5,True,False,57,8,13,4,32,13.247537612915039,1.9000000953674316,2.1999998092651367,12.51234245300293,[realized_vol_20] IS High AND [downside_semivol_20] IS Very Low AND [roc_10] IS Bearish AND [ema_gap_atr_20] IS Extreme Bullish AND [ema_slope_atr_20_5] IS Extreme Bullish AND [upside_semivol_20] IS Very High AND [rsi_centered_14] IS Extreme Bullish
75,2.0,1.0,12.5,3.0,1.0,4.0,True,True,27,8,5,5,9,18.399999618530273,-6.0,-2.000000238418579,1.1449453830718994,[realized_vol_20] IS High AND [downside_semivol_20] IS Very Low AND [roc_10] IS Bearish AND [channel_pos_20] IS Very High AND [up_close_ratio_5] IS Very Low AND [upside_semivol_20] IS Very High AND [efficiency_ratio_20] IS Very High
76,2.0,1.0,12.5,3.5,1.0,12.5,True,False,22,8,4,5,5,12.899999618530273,4.199999809265137,1.0209777355194092,-6.0,[vol_over_ema20] IS Medium AND [dollar_vol_rel_20] IS Low AND [macd_hist_atr] IS Bearish AND [log_range_over_vol_100] IS Very High AND [dmi_balance_14] IS Extreme Bearish AND [atr_pct_14] IS Very High AND [realized_vol_20] IS Very High
77,2.0,1.0,12.5,3.5,1.0,4.0,True,True,29,9,5,1,14,18.047534942626953,-1.500000238418579,-1.2000000476837158,-7.848628997802734,[realized_vol_20] IS High AND [downside_semivol_20] IS Very Low AND [roc_10] IS Bearish AND [channel_pos_20] IS Very High AND [dollar_vol_rel_20] IS Very Low AND [tr_to_atr_14] IS Very Low AND [upside_semivol_20] IS Very High
78,2.0,1.0,12.5,3.5,1.0,4.0,True,True,56,13,11,5,27,25.436946868896484,-1.7578928470611572,-1.500000238418579,-5.520524978637695,[realized_vol_20] IS High AND [downside_semivol_20] IS Very Low AND [roc_10] IS Bearish AND [ema_slope_atr_20_5] IS Extreme Bullish AND [tr_to_atr_14] IS Very Low AND [upside_semivol_20] IS Very High
79,2.0,1.0,12.5,2.5,2.0,8.0,True,True,27,10,1,2,14,18.499998092651367,-0.3164370357990265,4.599999904632568,-1.3262410163879395,[ema_gap_atr_20] IS Weak Bullish AND [band_bb_percB_20_2] IS Strong Bearish AND [parkinson_vol_20] IS Very High AND [range_compression_20_100] IS Very Low AND [dmi_balance_14] IS Extreme Bullish AND [log_range_over_vol_100] IS Very High
80,2.0,1.0,12.5,3.5,1.25,12.5,True,False,21,9,6,1,5,15.449999809265137,7.120512962341309,3.299999952316284,0.9833729267120361,[vol_over_ema20] IS Medium AND [dollar_vol_rel_20] IS Low AND [macd_hist_atr] IS Bearish AND [efficiency_ratio_20] IS Medium AND [channel_pos_20] IS Very Low AND [band_bb_percB_20_2] IS Extreme Bearish
81,2.0,1.0,12.5,2.5,1.0,8.0,True,True,28,9,5,3,11,18.90311622619629,-2.500000238418579,0.7342997789382935,-3.3982505798339844,[ema_gap_atr_20] IS Weak Bullish AND [band_bb_percB_20_2] IS Strong Bearish AND [parkinson_vol_20] IS Very High AND [range_compression_20_100] IS Very Low AND [ret_autocorr_1_30] IS Extreme Bullish AND [return_skew_30] IS Extreme Bullish
82,2.0,1.0,12.5,3.0,1.0,12.5,True,False,30,9,6,6,9,20.09626007080078,4.800000190734863,8.799999237060547,4.983122825622559,[realized_vol_20] IS High AND [downside_semivol_20] IS Very Low AND [roc_10] IS Bearish AND [log_range_over_vol_100] IS Medium AND [upside_semivol_20] IS Very High
83,2.0,1.0,12.5,2.5,1.25,12.5,True,False,23,8,3,3,9,14.649999618530273,3.1499998569488525,3.1499998569488525,-3.659374952316284,[ema_slope_atr_20_5] IS Strong Bullish AND [band_bb_percB_20_2] IS Extreme Bearish AND [dmi_balance_14] IS Weak Bullish AND symbol is 8 AND [close_location_value] IS Very Low
84,2.0,1.0,12.5,2.0,1.75,12.5,True,False,26,8,3,5,10,10.649999618530273,1.6499998569488525,3.003206253051758,7.676417827606201,[ema_slope_atr_20_5] IS Strong Bullish AND [band_bb_percB_20_2] IS Extreme Bearish AND [vol_over_median20] IS Medium AND [rsi_centered_14] IS Neutral Positive AND [close_location_value] IS Very Low
85,2.0,1.0,12.5,3.5,1.0,8.0,True,True,26,8,4,2,12,15.528816223144531,4.199999809265137,-2.4000000953674316,-1.9736757278442383,[realized_vol_20] IS High AND [downside_semivol_20] IS Very Low AND [roc_10] IS Bearish AND [rsi_centered_14] IS Bullish AND [range_compression_20_100] IS Very High
86,2.0,1.0,12.5,3.5,1.0,4.0,True,True,19,8,1,2,8,15.063016891479492,-1.2000000476837158,-2.4000000953674316,2.826324462890625,[realized_vol_20] IS High AND [downside_semivol_20] IS Very Low AND [roc_10] IS Bearish AND [rsi_centered_14] IS Bullish AND [ema_gap_atr_20] IS Weak Bullish
87,2.0,1.0,12.5,3.5,1.5,8.0,True,True,19,8,1,0,10,13.724653244018555,-1.7000000476837158,0.0,10.348311424255371,[ema_gap_atr_20] IS Neutral Positive AND [band_bb_percB_20_2] IS Strong Bearish AND [mom_stoch_rsi_14_14_3] IS Low AND [log_range_over_vol_100] IS Very High AND [channel_pos_20] IS Very Low
88,2.0,1.0,12.5,2.0,1.0,12.5,False,False,43,12,8,4,19,15.600000381469727,2.3999996185302734,2.034299850463867,-4.80000114440918,[ema_gap_atr_20] IS Weak Bullish AND [band_bb_percB_20_2] IS Strong Bearish AND [parkinson_vol_20] IS Very High AND [range_compression_20_100] IS Very Low AND [realized_vol_20] IS Very High
89,2.0,1.0,12.5,3.5,1.0,12.5,True,False,19,10,2,0,7,13.960609436035156,2.0999999046325684,0.0,5.100000381469727,[ema_slope_atr_20_5] IS Strong Bullish AND [band_bb_percB_20_2] IS Extreme Bearish AND [rsi_centered_14] IS Bullish AND [up_close_ratio_5] IS Very Low AND [upside_semivol_20] IS Very High
90,2.0,1.0,12.5,3.5,1.0,12.5,True,False,23,10,3,0,10,13.865392684936523,5.399999618530273,0.0,3.2960803508758545,[ema_slope_atr_20_5] IS Strong Bullish AND [band_bb_percB_20_2] IS Extreme Bearish AND [vol_over_median20] IS Medium AND [return_skew_30] IS Extreme Bearish AND [close_location_value] IS Very Low
91,2.0,1.0,12.5,3.5,1.0,12.5,True,False,21,9,3,3,6,15.200119972229004,0.049071431159973145,0.8999998569488525,1.3767633438110352,[ema_slope_atr_20_5] IS Strong Bullish AND [rsi_centered_14] IS Strong Bearish AND [range_compression_20_100] IS Low AND [atr_pct_14] IS Very Low AND [close_location_value] IS Very Low
92,2.0,1.0,12.5,3.5,1.0,8.0,True,True,44,9,6,6,23,19.482009887695312,-7.199999809265137,10.800000190734863,6.554631233215332,[realized_vol_20] IS High AND [downside_semivol_20] IS Very Low AND [roc_10] IS Bearish AND [vol_ratio_20_100] IS Low AND [upside_semivol_20] IS Very High
93,2.0,1.0,12.5,1.5,2.0,8.0,True,True,24,9,4,2,9,11.699999809265137,-1.8000001907348633,2.5999999046325684,8.199999809265137,[ema_slope_atr_20_5] IS Strong Bullish AND [band_bb_percB_20_2] IS Extreme Bearish AND [vol_over_median20] IS Medium AND [efficiency_ratio_20] IS Low AND [close_location_value] IS Very Low
94,2.0,1.0,12.5,3.5,1.5,8.0,True,True,23,8,4,1,10,8.724653244018555,8.199999809265137,-1.7000000476837158,5.634587287902832,[ema_gap_atr_20] IS Neutral Positive AND [band_bb_percB_20_2] IS Strong Bearish AND [mom_stoch_rsi_14_14_3] IS Low AND [log_range_over_vol_100] IS Very High AND [close_location_value] IS Very Low
95,2.0,1.0,12.5,3.5,1.0,12.5,True,False,13,8,1,0,4,13.249542236328125,3.299999952316284,0.0,-0.9120672345161438,[band_bb_percB_20_2] IS Strong Bullish AND [channel_pos_20] IS Very Low AND [macd_hist_atr] IS Extreme Bullish AND [parkinson_vol_20] IS Very High
96,2.0,1.0,12.5,3.0,1.0,8.0,True,True,26,8,5,1,12,10.399999618530273,1.999999761581421,-1.2000000476837158,3.5622498989105225,[ema_slope_atr_20_5] IS Strong Bullish AND [band_bb_percB_20_2] IS Extreme Bearish AND [dmi_balance_14] IS Weak Bullish AND [roc_10] IS Weak Bearish
97,2.0,1.0,12.5,3.5,1.75,12.5,True,False,19,8,2,1,8,10.401288986206055,2.98356294631958,3.299999952316284,2.75797700881958,[ema_gap_atr_20] IS Weak Bullish AND [band_bb_percB_20_2] IS Strong Bearish AND [ema_slope_atr_20_5] IS Extreme Bullish AND [tr_to_atr_14] IS Very Low
98,2.0,1.0,12.5,2.5,1.0,4.0,True,True,28,8,8,3,9,7.899999618530273,-6.100000381469727,-0.10000014305114746,-4.998822212219238,[ema_slope_atr_20_5] IS Strong Bullish AND [ema_gap_atr_20] IS Extreme Bearish AND symbol is 2 AND [return_skew_30] IS Extreme Bearish
99,2.0,1.0,12.5,3.5,1.0,12.5,True,False,9,8,0,0,1,15.855844497680664,0.0,0.0,0.8460251092910767,[band_bb_percB_20_2] IS Strong Bullish AND [channel_pos_20] IS Very Low AND [efficiency_ratio_20] IS Medium AND symbol is 9
100,2.0,1.0,12.5,2.0,1.0,12.5,False,False,39,11,3,2,23,10.800000190734863,4.91655158996582,0.5999999046325684,1.037726640701294,[ema_slope_atr_20_5] IS Strong Bullish AND [rsi_centered_14] IS Strong Bearish AND [roc_10] IS Weak Bearish AND [efficiency_ratio_20] IS Very Low
101,2.0,1.0,12.5,2.0,1.25,12.5,True,False,122,32,22,24,44,33.43416213989258,3.0261456966400146,1.919670820236206,-20.52481460571289,[vol_over_ema20] IS Medium AND [dollar_vol_rel_20] IS Low AND [macd_hist_atr] IS Bearish AND [ema_gap_atr_20] IS Extreme Bearish
102,2.0,1.0,12.5,3.0,1.0,4.0,True,True,76,17,14,7,38,20.795269012451172,-4.80000114440918,-0.40000033378601074,1.823636531829834,[ema_slope_atr_20_5] IS Strong Bullish AND [band_bb_percB_20_2] IS Extreme Bearish AND [dmi_balance_14] IS Weak Bullish AND [log_range_over_vol_100] IS Very High
103,2.0,1.0,12.5,2.0,1.0,12.5,False,False,39,10,5,4,20,10.525093078613281,9.0,4.199999809265137,-1.5137205123901367,[ema_slope_atr_20_5] IS Strong Bullish AND [rsi_centered_14] IS Strong Bearish AND [upside_semivol_20] IS Medium AND [close_location_value] IS Very Low
104,2.0,1.0,12.5,2.5,1.0,8.0,True,True,52,10,9,8,25,7.012764930725098,-7.300000190734863,9.55047607421875,-3.9463775157928467,[ema_slope_atr_20_5] IS Strong Bullish AND [rsi_centered_14] IS Strong Bearish AND [vol_ratio_20_100] IS Very Low AND [up_close_ratio_5] IS Very Low
105,2.0,1.0,12.5,2.0,1.0,8.0,False,True,35,10,9,6,10,9.0,-1.8000004291534424,0.45047688484191895,1.665205955505371,[ema_slope_atr_20_5] IS Strong Bullish AND [rsi_centered_14] IS Strong Bearish AND [vol_ratio_20_100] IS Very Low AND [ret_autocorr_1_30] IS Extreme Bullish
106,2.0,1.0,12.5,3.0,1.5,12.5,True,False,60,10,6,10,34,8.438993453979492,3.299999713897705,8.79343318939209,7.699117660522461,[ema_gap_atr_20] IS Neutral Positive AND [band_bb_percB_20_2] IS Strong Bearish AND [mom_stoch_rsi_14_14_3] IS Low AND [return_skew_30] IS Extreme Bullish
107,2.0,1.0,12.5,3.5,2.0,12.5,True,False,17,13,0,0,4,25.920730590820312,0.0,0.0,-4.9027910232543945,[band_bb_percB_20_2] IS Strong Bullish AND [channel_pos_20] IS Very Low AND [log_range_over_vol_100] IS Very High AND [roc_10] IS Extreme Bullish
108,2.0,1.0,12.5,1.5,1.5,8.0,True,True,28,9,5,1,13,11.699999809265137,3.499999761581421,-0.3657000958919525,-1.5371184349060059,[ema_gap_atr_20] IS Weak Bullish AND [band_bb_percB_20_2] IS Strong Bearish AND [ema_slope_atr_20_5] IS Extreme Bullish AND [vol_over_median20] IS Very Low
109,2.0,1.0,12.5,3.5,1.0,12.5,True,False,13,9,0,0,4,15.186903953552246,0.0,0.0,0.42600059509277344,[band_bb_percB_20_2] IS Strong Bullish AND [channel_pos_20] IS Very Low AND [return_skew_30] IS Extreme Bearish AND [range_compression_20_100] IS Very High
110,2.0,1.0,12.5,3.5,1.25,12.5,True,False,33,11,8,7,7,6.354338645935059,8.592904090881348,4.09999942779541,1.6640079021453857,[vol_over_ema20] IS High AND [vol_over_median20] IS Very Low AND [downside_semivol_20] IS Very High AND [realized_vol_20] IS Very High
111,2.0,1.0,12.5,2.5,1.0,12.5,True,False,25,8,5,1,11,6.103116512298584,4.5,2.299999952316284,-2.258037567138672,[ema_gap_atr_20] IS Weak Bullish AND [band_bb_percB_20_2] IS Strong Bearish AND [close_location_value] IS Medium AND [mom_stoch_rsi_14_14_3] IS Very Low
112,2.0,1.0,12.5,3.5,1.0,12.5,True,False,37,8,6,5,18,9.597707748413086,6.299999713897705,0.22517025470733643,1.8191167116165161,[ema_slope_atr_20_5] IS Strong Bullish AND [ema_gap_atr_20] IS Extreme Bearish AND [return_skew_30] IS Neutral Positive AND [close_location_value] IS Very Low
113,2.0,1.0,12.5,2.0,1.0,8.0,False,True,26,8,3,3,12,5.399999618530273,-3.6000001430511475,1.0504769086837769,1.1971582174301147,[ema_slope_atr_20_5] IS Strong Bullish AND [rsi_centered_14] IS Strong Bearish AND [efficiency_ratio_20] IS Low AND [return_skew_30] IS Extreme Bearish
114,2.0,1.0,12.5,2.0,1.25,12.5,True,False,19,8,0,2,9,4.649999618530273,0.0,3.5999999046325684,6.128273010253906,[ema_slope_atr_20_5] IS Strong Bullish AND [rsi_centered_14] IS Strong Bearish AND [downside_semivol_20] IS High AND [vol_over_ema20] IS Very High
115,2.0,1.0,12.5,2.5,1.0,8.0,True,True,44,12,9,5,18,6.59999942779541,-3.8000004291534424,4.5,-5.298822402954102,[ema_slope_atr_20_5] IS Strong Bullish AND [ema_gap_atr_20] IS Extreme Bearish AND symbol is 2 AND [close_location_value] IS Very Low
116,2.0,1.0,12.5,2.0,1.0,12.5,False,False,5,1,3,0,1,1.7999999523162842,5.399999618530273,0.0,1.7999999523162842,[ema_gap_atr_20] IS Neutral Positive AND [rsi_centered_14] IS Extreme Bullish AND [downside_semivol_20] IS High AND [atr_pct_14] IS Very High AND [parkinson_vol_20] IS Very High AND [realized_vol_20] IS Very High AND [upside_semivol_20] IS Very High AND [mom_stoch_rsi_14_14_3] IS Very Low AND [up_close_ratio_5] IS Very Low AND [log_range_over_vol_100] IS Very High AND [macd_hist_atr] IS Extreme Bearish
117,2.0,1.0,12.5,2.0,1.0,12.5,False,False,5,0,0,0,5,0.0,0.0,0.0,9.0,[realized_vol_20] IS High AND [parkinson_vol_20] IS Very Low AND [channel_pos_20] IS High AND [upside_semivol_20] IS Very High AND [vol_ratio_20_100] IS Very Low AND [tr_to_atr_14] IS Very Low
118,2.0,1.0,12.5,2.0,1.0,12.5,False,False,5,4,0,1,0,7.199999809265137,0.0,1.7999999523162842,0.0,[vol_over_ema20] IS High AND [vol_over_median20] IS Very Low AND [upside_semivol_20] IS High AND [realized_vol_20] IS Very High AND [downside_semivol_20] IS Very High
119,2.0,1.0,12.5,2.0,1.0,12.5,False,False,5,3,0,1,1,5.399999618530273,0.0,1.7999999523162842,1.7999999523162842,[vol_over_ema20] IS High AND [vol_over_median20] IS Very Low AND [upside_semivol_20] IS High AND [tr_to_atr_14] IS Very High AND [dollar_vol_rel_20] IS High
120,2.0,1.0,12.5,2.0,1.0,12.5,False,False,5,0,5,0,0,0.0,9.0,0.0,0.0,[realized_vol_20] IS High AND [parkinson_vol_20] IS Very Low AND [upside_semivol_20] IS Low AND [efficiency_ratio_20] IS Very Low AND [downside_semivol_20] IS Very High
121,2.0,1.0,12.5,2.0,1.0,12.5,False,False,5,0,5,0,0,0.0,9.0,0.0,0.0,[realized_vol_20] IS High AND [parkinson_vol_20] IS Very Low AND [upside_semivol_20] IS Low AND [ema_slope_atr_20_5] IS Extreme Bearish AND [downside_semivol_20] IS Very High
122,2.0,1.0,12.5,2.0,1.0,12.5,False,False,5,1,3,0,1,1.7999999523162842,5.399999618530273,0.0,1.7999999523162842,[ema_gap_atr_20] IS Neutral Positive AND [rsi_centered_14] IS Extreme Bullish AND [vol_ratio_20_100] IS Medium AND [atr_pct_14] IS Very High AND [parkinson_vol_20] IS Very High
123,2.0,1.0,12.5,2.0,1.0,12.5,False,False,5,0,0,0,5,0.0,0.0,0.0,9.0,[realized_vol_20] IS High AND [parkinson_vol_20] IS Very Low AND [mom_stoch_rsi_14_14_3] IS Medium AND [upside_semivol_20] IS Very High AND [vol_ratio_20_100] IS Very Low
124,2.0,1.0,12.5,2.0,1.0,12.5,False,False,5,0,0,0,5,0.0,0.0,0.0,9.0,[realized_vol_20] IS High AND [parkinson_vol_20] IS Very Low AND [ret_autocorr_1_30] IS Weak Bullish AND [upside_semivol_20] IS Very High AND [vol_ratio_20_100] IS Very Low
125,2.0,1.0,12.5,2.0,1.0,12.5,False,False,5,0,4,0,1,0.0,7.199999809265137,0.0,1.7999999523162842,[ema_gap_atr_20] IS Neutral Positive AND [rsi_centered_14] IS Extreme Bullish AND [tr_to_atr_14] IS Low AND [channel_pos_20] IS Medium
126,2.0,1.0,12.5,2.0,1.0,12.5,False,False,5,0,0,0,5,0.0,0.0,0.0,9.0,[realized_vol_20] IS High AND [parkinson_vol_20] IS Very Low AND [roc_10] IS Extreme Bullish AND [up_close_ratio_5] IS Very Low
127,2.0,1.0,12.5,2.0,1.0,12.5,False,False,5,0,1,1,3,0.0,1.7999999523162842,1.7999999523162842,5.399999618530273,[rsi_centered_14] IS Strong Bullish AND [band_bb_percB_20_2] IS Extreme Bearish AND [efficiency_ratio_20] IS Very High AND [ema_gap_atr_20] IS Neutral Positive
128,2.0,1.0,12.5,2.0,1.0,12.5,False,False,5,1,1,1,2,1.7999999523162842,1.7999999523162842,1.7999999523162842,3.5999999046325684,[vol_over_ema20] IS High AND [vol_over_median20] IS Very Low AND [tr_to_atr_14] IS Low AND [ema_slope_atr_20_5] IS Extreme Bullish
129,2.0,1.0,12.5,3.5,1.0,12.5,True,False,6,1,1,0,4,2.1187217235565186,3.299999952316284,0.0,8.699999809265137,[vol_over_ema20] IS High AND [vol_over_median20] IS Very Low AND [tr_to_atr_14] IS Low AND [up_close_ratio_5] IS Very High
130,2.0,1.0,12.5,2.5,1.0,12.5,True,False,10,0,6,0,4,0.0,13.800000190734863,0.0,5.699999809265137,[realized_vol_20] IS High AND [parkinson_vol_20] IS Very Low AND [return_skew_30] IS Extreme Bearish AND [channel_pos_20] IS Very Low
131,2.0,1.0,12.5,2.0,1.0,12.5,False,False,7,1,2,0,4,1.7999999523162842,3.5999999046325684,0.0,4.199999809265137,[ema_gap_atr_20] IS Neutral Positive AND [rsi_centered_14] IS Extreme Bullish AND [efficiency_ratio_20] IS High AND [ret_autocorr_1_30] IS Extreme Bullish
132,2.0,1.0,12.5,2.0,1.5,12.5,True,False,7,1,1,3,2,1.7999999523162842,1.7999999523162842,5.399999618530273,3.5999999046325684,[vol_over_ema20] IS High AND [vol_over_median20] IS Very Low AND [vol_ratio_20_100] IS High AND [log_range_over_vol_100] IS Very Low
133,2.0,1.0,12.5,3.5,1.0,10.0,True,True,6,1,0,2,3,-1.2000000476837158,0.0,6.599999904632568,5.399999618530273,[vol_over_ema20] IS High AND [vol_over_median20] IS Very Low AND [ema_gap_atr_20] IS Strong Bullish AND [dollar_vol_rel_20] IS High
134,2.0,1.0,12.5,2.0,1.0,10.0,False,True,6,1,4,0,1,-0.30707594752311707,7.199999809265137,0.0,1.7999999523162842,[ema_gap_atr_20] IS Neutral Positive AND [rsi_centered_14] IS Extreme Bullish AND [tr_to_atr_14] IS Low AND [up_close_ratio_5] IS Very Low
135,2.0,1.0,12.5,2.0,1.0,12.5,False,False,5,2,0,0,3,3.5999999046325684,0.0,0.0,2.3999998569488525,[vol_over_ema20] IS High AND [vol_over_median20] IS Very Low AND [dollar_vol_rel_20] IS Medium AND [close_location_value] IS Very Low
136,2.0,1.0,12.5,2.0,1.0,12.5,False,False,5,4,1,0,0,4.199999809265137,1.7999999523162842,0.0,0.0,[vol_over_ema20] IS High AND [vol_over_median20] IS Very Low AND [dmi_balance_14] IS Neutral Negative AND [dollar_vol_rel_20] IS High
137,2.0,1.0,12.5,2.0,1.0,12.5,False,False,5,0,3,1,1,0.0,5.399999618530273,1.7999999523162842,-1.2000000476837158,[ema_gap_atr_20] IS Neutral Positive AND [rsi_centered_14] IS Extreme Bullish AND [range_compression_20_100] IS Medium AND [upside_semivol_20] IS Very High
138,2.0,1.0,12.5,2.0,1.0,12.5,False,False,5,1,1,0,3,1.7999999523162842,1.7999999523162842,0.0,2.3999998569488525,[dollar_vol_rel_20] IS High AND [vol_over_median20] IS Very Low AND [downside_semivol_20] IS Medium AND [log_range_over_vol_100] IS Very High
139,2.0,1.0,12.5,2.0,1.0,8.0,False,True,5,1,1,1,2,1.7999999523162842,1.7999999523162842,-0.40678247809410095,3.5999999046325684,[rsi_centered_14] IS Strong Bullish AND [band_bb_percB_20_2] IS Extreme Bearish AND [downside_semivol_20] IS High AND [parkinson_vol_20] IS Very High
140,2.0,1.0,12.5,2.0,1.0,12.5,False,False,5,1,2,1,1,1.7999999523162842,0.5999999046325684,1.7999999523162842,1.7999999523162842,[rsi_centered_14] IS Strong Bullish AND [band_bb_percB_20_2] IS Extreme Bearish AND [dmi_balance_14] IS Weak Bullish AND [up_close_ratio_5] IS Very Low
141,2.0,1.0,12.5,3.5,1.0,12.5,True,False,7,1,1,0,5,3.299999952316284,3.299999952316284,0.0,8.041446685791016,[dollar_vol_rel_20] IS High AND [vol_over_median20] IS Very Low AND [downside_semivol_20] IS Medium AND [vol_over_ema20] IS High
142,2.0,1.0,12.5,3.5,1.0,12.5,True,False,6,2,3,0,1,5.418721675872803,1.9416532516479492,0.0,3.299999952316284,[vol_over_ema20] IS High AND [vol_over_median20] IS Very Low AND [vol_ratio_20_100] IS Medium AND [dollar_vol_rel_20] IS High
143,2.0,1.0,12.5,3.5,1.0,12.5,True,False,6,1,2,0,3,3.299999952316284,2.0999999046325684,0.0,0.8999998569488525,[rsi_centered_14] IS Strong Bullish AND [band_bb_percB_20_2] IS Extreme Bearish AND [ret_autocorr_1_30] IS Neutral Negative AND [mom_stoch_rsi_14_14_3] IS Very Low
