Date,Supply on Exchanges
2023-12-31T00:00:00.000Z,2337888.1548941005
2024-01-01T00:00:00.000Z,2340452.4512425605
2024-01-02T00:00:00.000Z,2336302.4752712906
2024-01-03T00:00:00.000Z,2336208.1899270606
2024-01-04T00:00:00.000Z,2332297.9331617807
2024-01-05T00:00:00.000Z,2329811.5209697206
2024-01-06T00:00:00.000Z,2330247.2178422404
2024-01-07T00:00:00.000Z,2322778.9177097306
2024-01-08T00:00:00.000Z,2325931.0462141805
2024-01-09T00:00:00.000Z,2331016.973077161
2024-01-10T00:00:00.000Z,2343422.9831847204
2024-01-11T00:00:00.000Z,2341916.6055355705
2024-01-12T00:00:00.000Z,2346067.6527535208
2024-01-13T00:00:00.000Z,2343198.4895359008
2024-01-14T00:00:00.000Z,2341653.4291940206
2024-01-15T00:00:00.000Z,2344161.9814941306
2024-01-16T00:00:00.000Z,2339803.665773411
2024-01-17T00:00:00.000Z,2338623.1405132106
2024-01-18T00:00:00.000Z,2344192.613623901
2024-01-19T00:00:00.000Z,2341967.0964536504
2024-01-20T00:00:00.000Z,2341791.5804614006
2024-01-21T00:00:00.000Z,2341122.3388523306
2024-01-22T00:00:00.000Z,2342756.717331541
2024-01-23T00:00:00.000Z,2339923.9421544806
2024-01-24T00:00:00.000Z,2340656.2945300904
2024-01-25T00:00:00.000Z,2341428.4341201005
2024-01-26T00:00:00.000Z,2341964.8125171806
2024-01-27T00:00:00.000Z,2340660.8508706708
2024-01-28T00:00:00.000Z,2342037.1320011006
2024-01-29T00:00:00.000Z,2341299.9061128707
2024-01-30T00:00:00.000Z,2328186.580280821
2024-01-31T00:00:00.000Z,2328472.1184918005
2024-02-01T00:00:00.000Z,2327711.833307801
2024-02-02T00:00:00.000Z,2324375.6404551608
2024-02-03T00:00:00.000Z,2323487.040460061
2024-02-04T00:00:00.000Z,2325109.1271581305
2024-02-05T00:00:00.000Z,2324035.0804482806
2024-02-06T00:00:00.000Z,2324583.8640253507
2024-02-07T00:00:00.000Z,2317918.845414851
2024-02-08T00:00:00.000Z,2306937.4478836707
2024-02-09T00:00:00.000Z,2303623.4892584006
2024-02-10T00:00:00.000Z,2301822.012667691
2024-02-11T00:00:00.000Z,2306930.325972941
2024-02-12T00:00:00.000Z,2303634.3869317505
2024-02-13T00:00:00.000Z,2294644.157167461
2024-02-14T00:00:00.000Z,2295634.2041965006
2024-02-15T00:00:00.000Z,2288252.1186169107
2024-02-16T00:00:00.000Z,2284685.3840416204
2024-02-17T00:00:00.000Z,2283992.480768481
2024-02-18T00:00:00.000Z,2284523.6033780505
2024-02-19T00:00:00.000Z,2268207.394578071
2024-02-20T00:00:00.000Z,2265142.8851385307
2024-02-21T00:00:00.000Z,2267144.181431181
2024-02-22T00:00:00.000Z,2266319.1755498108
2024-02-23T00:00:00.000Z,2267258.995923781
2024-02-24T00:00:00.000Z,2267211.055104021
2024-02-25T00:00:00.000Z,2267466.172067601
2024-02-26T00:00:00.000Z,2262645.9492530506
2024-02-27T00:00:00.000Z,2260720.187802591
2024-02-28T00:00:00.000Z,2255875.5923366607
2024-02-29T00:00:00.000Z,2260123.542734311
2024-03-01T00:00:00.000Z,2233539.286339051
2024-03-02T00:00:00.000Z,2234249.421567511
2024-03-03T00:00:00.000Z,2235911.287258551
2024-03-04T00:00:00.000Z,2240127.987281201
2024-03-05T00:00:00.000Z,2223721.308813621
2024-03-06T00:00:00.000Z,2104254.068441861
2024-03-07T00:00:00.000Z,2099383.9277444007
2024-03-08T00:00:00.000Z,2092804.548182271
2024-03-09T00:00:00.000Z,2091969.844139281
2024-03-10T00:00:00.000Z,2092383.483100991
2024-03-11T00:00:00.000Z,2092635.3028268008
2024-03-12T00:00:00.000Z,2094144.285450571
2024-03-13T00:00:00.000Z,2092724.7346795609
2024-03-14T00:00:00.000Z,2074384.762003721
2024-03-15T00:00:00.000Z,2071439.5339510208
2024-03-16T00:00:00.000Z,2079283.104089961
2024-03-17T00:00:00.000Z,2060400.139785911
2024-03-18T00:00:00.000Z,2059648.551597191
2024-03-19T00:00:00.000Z,2062757.630783141
2024-03-20T00:00:00.000Z,2060520.141319521
2024-03-21T00:00:00.000Z,2058514.545760621
2024-03-22T00:00:00.000Z,2040101.056507851
2024-03-23T00:00:00.000Z,2038858.3392386711
2024-03-24T00:00:00.000Z,2040171.242199951
2024-03-25T00:00:00.000Z,2039917.971449581
2024-03-26T00:00:00.000Z,2040620.268991631
2024-03-27T00:00:00.000Z,2045124.472642861
2024-03-28T00:00:00.000Z,2023199.945016101
2024-03-29T00:00:00.000Z,2024311.698982401
2024-03-30T00:00:00.000Z,2025374.442592921
2024-03-31T00:00:00.000Z,2016229.544717851
2024-04-01T00:00:00.000Z,1999787.094341581
2024-04-02T00:00:00.000Z,1999459.0939943811
2024-04-03T00:00:00.000Z,1994680.493726561
2024-04-04T00:00:00.000Z,1989495.627357821
2024-04-05T00:00:00.000Z,1986844.515835821
2024-04-06T00:00:00.000Z,1986800.237069781
2024-04-07T00:00:00.000Z,1988501.529160771
2024-04-08T00:00:00.000Z,1989959.442764651
2024-04-09T00:00:00.000Z,1993749.5570478612
2024-04-10T00:00:00.000Z,1990251.859900491
2024-04-11T00:00:00.000Z,1989656.198950331
2024-04-12T00:00:00.000Z,1993357.3356769711
2024-04-13T00:00:00.000Z,1991570.848971961
2024-04-14T00:00:00.000Z,1991683.028931291
2024-04-15T00:00:00.000Z,1989434.1192776011
2024-04-16T00:00:00.000Z,1980785.2975737911
2024-04-17T00:00:00.000Z,1982237.6636436211
2024-04-18T00:00:00.000Z,1995337.917176441
2024-04-19T00:00:00.000Z,1997890.9544650111
2024-04-20T00:00:00.000Z,1996818.457854751
2024-04-21T00:00:00.000Z,1997138.1509257911
2024-04-22T00:00:00.000Z,1993577.440604361
2024-04-23T00:00:00.000Z,1993853.041861271
2024-04-24T00:00:00.000Z,1997562.0184276612
2024-04-25T00:00:00.000Z,1998018.4171652112
2024-04-26T00:00:00.000Z,1999917.1726616812
2024-04-27T00:00:00.000Z,1999532.0773361712
2024-04-28T00:00:00.000Z,2000660.457278351
2024-04-29T00:00:00.000Z,2001338.6731989011
2024-04-30T00:00:00.000Z,2011297.707514921
2024-05-01T00:00:00.000Z,2012703.475121061
2024-05-02T00:00:00.000Z,2009658.4857223511
2024-05-03T00:00:00.000Z,2008127.9213112912
2024-05-04T00:00:00.000Z,2007145.2162854911
2024-05-05T00:00:00.000Z,2008199.833282951
2024-05-06T00:00:00.000Z,2004452.2551123512
2024-05-07T00:00:00.000Z,2003685.416286901
2024-05-08T00:00:00.000Z,2003245.784666991
2024-05-09T00:00:00.000Z,2001156.6424139412
2024-05-10T00:00:00.000Z,2001814.063640261
2024-05-11T00:00:00.000Z,2001270.012159181
2024-05-12T00:00:00.000Z,2001017.7661758312
2024-05-13T00:00:00.000Z,1998052.451116631
2024-05-14T00:00:00.000Z,1999703.6128926012
2024-05-15T00:00:00.000Z,1976380.1162156512
2024-05-16T00:00:00.000Z,1973555.6427910111
2024-05-17T00:00:00.000Z,1975172.2353728411
2024-05-18T00:00:00.000Z,1972994.072033551
2024-05-19T00:00:00.000Z,1971202.033678191
2024-05-20T00:00:00.000Z,1968779.565661961
2024-05-21T00:00:00.000Z,1975299.840131071
2024-05-22T00:00:00.000Z,1975719.944778831
2024-05-23T00:00:00.000Z,1981788.786954511
2024-05-24T00:00:00.000Z,1979060.513465011
2024-05-25T00:00:00.000Z,1978628.631906711
2024-05-26T00:00:00.000Z,1978646.574312591
2024-05-27T00:00:00.000Z,1975877.441699651
2024-05-28T00:00:00.000Z,1974475.614018541
2024-05-29T00:00:00.000Z,1977173.327529241
2024-05-30T00:00:00.000Z,1981684.6833261112
2024-05-31T00:00:00.000Z,1967694.424909471
2024-06-01T00:00:00.000Z,1967818.523042381
2024-06-02T00:00:00.000Z,1967888.1630008912
2024-06-03T00:00:00.000Z,1964035.950828691
2024-06-04T00:00:00.000Z,1960715.9269515811
2024-06-05T00:00:00.000Z,1958574.371948451
2024-06-06T00:00:00.000Z,1957762.973075401
2024-06-07T00:00:00.000Z,1957498.909691991
2024-06-08T00:00:00.000Z,1958051.1715008412
2024-06-09T00:00:00.000Z,1957892.100466731
2024-06-10T00:00:00.000Z,1958225.588803841
2024-06-11T00:00:00.000Z,1946215.8632637411
2024-06-12T00:00:00.000Z,1943379.405597141
2024-06-13T00:00:00.000Z,1937678.453201131
2024-06-14T00:00:00.000Z,1941224.638542111
2024-06-15T00:00:00.000Z,1941845.7967176412
2024-06-16T00:00:00.000Z,1941127.5810653812
2024-06-17T00:00:00.000Z,1943114.443170941
2024-06-18T00:00:00.000Z,1942776.9920766212
2024-06-19T00:00:00.000Z,1937848.7564645112
2024-06-20T00:00:00.000Z,1936738.408310831
2024-06-21T00:00:00.000Z,1933397.5488924112
2024-06-22T00:00:00.000Z,1931795.176746091
2024-06-23T00:00:00.000Z,1931863.4225669212
2024-06-24T00:00:00.000Z,1934911.1830206811
2024-06-25T00:00:00.000Z,1929798.0235690011
2024-06-26T00:00:00.000Z,1931729.9633079811
2024-06-27T00:00:00.000Z,1936485.8901778213
2024-06-28T00:00:00.000Z,1940676.1461425112
2024-06-29T00:00:00.000Z,1938293.0397062912
2024-06-30T00:00:00.000Z,1937477.638238561
2024-07-01T00:00:00.000Z,1937487.5478288012
2024-07-02T00:00:00.000Z,1940190.5954194411
2024-07-03T00:00:00.000Z,1941926.6584224112
2024-07-04T00:00:00.000Z,1950397.4789520411
2024-07-05T00:00:00.000Z,1940806.076057251
2024-07-06T00:00:00.000Z,1927418.9141061811
2024-07-07T00:00:00.000Z,1928023.6607100612
2024-07-08T00:00:00.000Z,1934965.9181369613
2024-07-09T00:00:00.000Z,1936270.097562391
2024-07-10T00:00:00.000Z,1935661.573043591
2024-07-11T00:00:00.000Z,1936262.9247083613
2024-07-12T00:00:00.000Z,1935611.7063898211
2024-07-13T00:00:00.000Z,1936643.590561971
2024-07-14T00:00:00.000Z,1937484.8653162012
2024-07-15T00:00:00.000Z,1935107.2188757611
2024-07-16T00:00:00.000Z,1936312.0954644713
2024-07-17T00:00:00.000Z,1933495.983965811
2024-07-18T00:00:00.000Z,1933011.4074015212
2024-07-19T00:00:00.000Z,1928683.9784987213
2024-07-20T00:00:00.000Z,1931327.9646243213
2024-07-21T00:00:00.000Z,1930757.4680432312
2024-07-22T00:00:00.000Z,1926757.2262732112
2024-07-23T00:00:00.000Z,1910801.0373772313
2024-07-24T00:00:00.000Z,1956556.1425327512
2024-07-25T00:00:00.000Z,1960434.3539328512
2024-07-26T00:00:00.000Z,1956070.4319539112
2024-07-27T00:00:00.000Z,1955558.5118718413
2024-07-28T00:00:00.000Z,1955673.1163465811
2024-07-29T00:00:00.000Z,1952697.011645981
2024-07-30T00:00:00.000Z,1957172.8920355213
2024-07-31T00:00:00.000Z,1957054.0836777713
2024-08-01T00:00:00.000Z,1951540.0282858913
2024-08-02T00:00:00.000Z,1944795.2918505513
2024-08-03T00:00:00.000Z,1943624.8442142813
2024-08-04T00:00:00.000Z,1942311.5338605512
2024-08-05T00:00:00.000Z,1939269.7088371913
2024-08-06T00:00:00.000Z,1938186.8553543312
2024-08-07T00:00:00.000Z,1935556.9507440412
2024-08-08T00:00:00.000Z,1925391.4630250612
2024-08-09T00:00:00.000Z,1926053.5327836012
2024-08-10T00:00:00.000Z,1924944.9260532213
2024-08-11T00:00:00.000Z,1920288.469850351
2024-08-12T00:00:00.000Z,1924304.4949014413
2024-08-13T00:00:00.000Z,1923074.1700446813
2024-08-14T00:00:00.000Z,1924979.9493628712
2024-08-15T00:00:00.000Z,1916839.3807997112
2024-08-16T00:00:00.000Z,1916432.4624292613
2024-08-17T00:00:00.000Z,1923252.5261788813
2024-08-18T00:00:00.000Z,1924579.1530806513
2024-08-19T00:00:00.000Z,1924424.5703690113
2024-08-20T00:00:00.000Z,1924361.2657394514
2024-08-21T00:00:00.000Z,1924154.8785935412
2024-08-22T00:00:00.000Z,1924250.4416832214
2024-08-23T00:00:00.000Z,1918682.1966338912
2024-08-24T00:00:00.000Z,1921259.3963215111
2024-08-25T00:00:00.000Z,1922223.2982137913
2024-08-26T00:00:00.000Z,1921667.5085930913
2024-08-27T00:00:00.000Z,1923473.1882075113
2024-08-28T00:00:00.000Z,1920181.7007664812
2024-08-29T00:00:00.000Z,1899559.0143012113
2024-08-30T00:00:00.000Z,1904539.0319488412
2024-08-31T00:00:00.000Z,1903624.5114972512
2024-09-01T00:00:00.000Z,1903056.3012962213
2024-09-02T00:00:00.000Z,1903883.7739145414
2024-09-03T00:00:00.000Z,1903167.4417740812
2024-09-04T00:00:00.000Z,1900780.7166744212
2024-09-05T00:00:00.000Z,1905236.8248413913
2024-09-06T00:00:00.000Z,1907866.0437088513
2024-09-07T00:00:00.000Z,1905635.4536819812
2024-09-08T00:00:00.000Z,1904200.3957761312
2024-09-09T00:00:00.000Z,1895531.8342963613
2024-09-10T00:00:00.000Z,1869779.9907863012
2024-09-11T00:00:00.000Z,1863887.6211466012
2024-09-12T00:00:00.000Z,1864795.1266553313
2024-09-13T00:00:00.000Z,1861478.2094280913
2024-09-14T00:00:00.000Z,1855519.6605081712
2024-09-15T00:00:00.000Z,1856736.3189029512
2024-09-16T00:00:00.000Z,1861749.8776848912
2024-09-17T00:00:00.000Z,1864923.8355486111
2024-09-18T00:00:00.000Z,1867933.6169777513
2024-09-19T00:00:00.000Z,1863981.7307369413
2024-09-20T00:00:00.000Z,1867957.2455128913
2024-09-21T00:00:00.000Z,1869183.1284101012
2024-09-22T00:00:00.000Z,1869505.7604478812
2024-09-23T00:00:00.000Z,1871605.6508992312
2024-09-24T00:00:00.000Z,1864094.8476007513
2024-09-25T00:00:00.000Z,1861255.3827858812
2024-09-26T00:00:00.000Z,1856422.4417067713
2024-09-27T00:00:00.000Z,1852425.7570873313
2024-09-28T00:00:00.000Z,1853570.6156842413
2024-09-29T00:00:00.000Z,1854386.5224717911
2024-09-30T00:00:00.000Z,1856038.0038603712
2024-10-01T00:00:00.000Z,1861475.6265524912
2024-10-02T00:00:00.000Z,1860479.3567027112
2024-10-03T00:00:00.000Z,1860778.9392541912
2024-10-04T00:00:00.000Z,1857042.2368932213
2024-10-05T00:00:00.000Z,1855368.9772184012
2024-10-06T00:00:00.000Z,1853074.0571515013
2024-10-07T00:00:00.000Z,1850811.2319881413
2024-10-08T00:00:00.000Z,1851761.7628424312
2024-10-09T00:00:00.000Z,1854077.5703431612
2024-10-10T00:00:00.000Z,1852816.6898598312
2024-10-11T00:00:00.000Z,1848697.8122007113
2024-10-12T00:00:00.000Z,1846215.2826301013
2024-10-13T00:00:00.000Z,1846475.8975093213
2024-10-14T00:00:00.000Z,1847685.4866184911
2024-10-15T00:00:00.000Z,1843357.9633699611
2024-10-16T00:00:00.000Z,1848116.4848638312
2024-10-17T00:00:00.000Z,1842820.7156709912
2024-10-18T00:00:00.000Z,1837832.0359770712
2024-10-19T00:00:00.000Z,1836954.629461961
2024-10-20T00:00:00.000Z,1799445.1609866812
2024-10-21T00:00:00.000Z,1799823.2103153311
2024-10-22T00:00:00.000Z,1795296.4903262411
2024-10-23T00:00:00.000Z,1793416.1894958112
2024-10-24T00:00:00.000Z,1792463.0230648513
2024-10-25T00:00:00.000Z,1791440.8465919413
2024-10-26T00:00:00.000Z,1791060.9153792313
2024-10-27T00:00:00.000Z,1792774.4424389212
2024-10-28T00:00:00.000Z,1787234.7514899813
2024-10-29T00:00:00.000Z,1787610.3338914213
2024-10-30T00:00:00.000Z,1780125.5050344511
2024-10-31T00:00:00.000Z,1783230.0140769111
2024-11-01T00:00:00.000Z,1786805.9847681413
2024-11-02T00:00:00.000Z,1786565.1602031512
2024-11-03T00:00:00.000Z,1788405.8245182012
2024-11-04T00:00:00.000Z,1790114.1164603212
2024-11-05T00:00:00.000Z,1791625.1969998511
2024-11-06T00:00:00.000Z,1779860.9482448811
2024-11-07T00:00:00.000Z,1772362.4156322512
2024-11-08T00:00:00.000Z,1771301.0822162412
2024-11-09T00:00:00.000Z,1775992.9516246612
2024-11-10T00:00:00.000Z,1777569.9875136812
2024-11-11T00:00:00.000Z,1776667.2213114412
2024-11-12T00:00:00.000Z,1773079.220741311
2024-11-13T00:00:00.000Z,1769190.6942744912
2024-11-14T00:00:00.000Z,1764957.8227102212
2024-11-15T00:00:00.000Z,1755874.9159592113
2024-11-16T00:00:00.000Z,1755075.9833801913
2024-11-17T00:00:00.000Z,1756586.2320102714
2024-11-18T00:00:00.000Z,1755124.6710206913
2024-11-19T00:00:00.000Z,1706022.5908985813
2024-11-20T00:00:00.000Z,1678197.1907909312
2024-11-21T00:00:00.000Z,1668549.8044899113
2024-11-22T00:00:00.000Z,1656705.2455434212
2024-11-23T00:00:00.000Z,1655418.2279091314
2024-11-24T00:00:00.000Z,1653692.4721364114
2024-11-25T00:00:00.000Z,1654794.3958106413
2024-11-26T00:00:00.000Z,1646375.1829923212
2024-11-27T00:00:00.000Z,1626729.0686585712
2024-11-28T00:00:00.000Z,1615819.1149548013
2024-11-29T00:00:00.000Z,1612544.0891410713
2024-11-30T00:00:00.000Z,1609640.4476459713
2024-12-01T00:00:00.000Z,1610058.3822723012
2024-12-02T00:00:00.000Z,1606383.4898694213
2024-12-03T00:00:00.000Z,1607216.7580580013
2024-12-04T00:00:00.000Z,1606889.9718480112
2024-12-05T00:00:00.000Z,1608534.3279732112
2024-12-06T00:00:00.000Z,1606223.1225304613
2024-12-07T00:00:00.000Z,1608650.6110261914
2024-12-08T00:00:00.000Z,1608696.0832839813
2024-12-09T00:00:00.000Z,1601014.2416180614
2024-12-10T00:00:00.000Z,1597049.9698457513
2024-12-11T00:00:00.000Z,1584964.3638263813
2024-12-12T00:00:00.000Z,1583876.5282897514
2024-12-13T00:00:00.000Z,1576264.5731861014
2024-12-14T00:00:00.000Z,1583315.7602817514
2024-12-15T00:00:00.000Z,1581236.7627700914
2024-12-16T00:00:00.000Z,1569776.0804601915
2024-12-17T00:00:00.000Z,1569682.0795218113
2024-12-18T00:00:00.000Z,1559858.3848448014
2024-12-19T00:00:00.000Z,1567164.1569256114
2024-12-20T00:00:00.000Z,1564699.7562862413
2024-12-21T00:00:00.000Z,1562310.8520272714
2024-12-22T00:00:00.000Z,1563219.8428350415
2024-12-23T00:00:00.000Z,1563161.8889992514
2024-12-24T00:00:00.000Z,1561718.3027755416
2024-12-25T00:00:00.000Z,1561034.0285596715
2024-12-26T00:00:00.000Z,1566615.2830182014
2024-12-27T00:00:00.000Z,1561635.0697391315
2024-12-28T00:00:00.000Z,1559056.6478921415
2024-12-29T00:00:00.000Z,1552631.5732588114
2024-12-30T00:00:00.000Z,1548789.2718028415
2024-12-31T00:00:00.000Z,1549647.1426740014
2025-01-01T00:00:00.000Z,1543859.0340337215
2025-01-02T00:00:00.000Z,1542382.0510355015
2025-01-03T00:00:00.000Z,1541989.4802462815
2025-01-04T00:00:00.000Z,1540940.3241996614
2025-01-05T00:00:00.000Z,1539394.1538543215
2025-01-06T00:00:00.000Z,1532455.9422351215
2025-01-07T00:00:00.000Z,1522508.3055777014
2025-01-08T00:00:00.000Z,1520933.5429429414
2025-01-09T00:00:00.000Z,1523044.3417183214
2025-01-10T00:00:00.000Z,1522395.5970311114
2025-01-11T00:00:00.000Z,1522917.0085866014
2025-01-12T00:00:00.000Z,1525866.8189840214
2025-01-13T00:00:00.000Z,1527976.8053876015
2025-01-14T00:00:00.000Z,1528695.8874811514
2025-01-15T00:00:00.000Z,1528098.8823964815
2025-01-16T00:00:00.000Z,1524408.7895040114
2025-01-17T00:00:00.000Z,1516225.8672580514
2025-01-18T00:00:00.000Z,1514665.5858961614
2025-01-19T00:00:00.000Z,1516734.0993438615
2025-01-20T00:00:00.000Z,1520318.7504548414
2025-01-21T00:00:00.000Z,1516275.3891083114
2025-01-22T00:00:00.000Z,1514783.5939263913
2025-01-23T00:00:00.000Z,1512040.0147376715
2025-01-24T00:00:00.000Z,1508486.1821208415
2025-01-25T00:00:00.000Z,1508382.5339105714
2025-01-26T00:00:00.000Z,1506761.3468633713
2025-01-27T00:00:00.000Z,1507241.4453817015
2025-01-28T00:00:00.000Z,1506401.5601921314
2025-01-29T00:00:00.000Z,1507787.5444305013
2025-01-30T00:00:00.000Z,1506466.4364088913
2025-01-31T00:00:00.000Z,1502669.6375748115
2025-02-01T00:00:00.000Z,1502873.1470503414
2025-02-02T00:00:00.000Z,1505741.0449587014
2025-02-03T00:00:00.000Z,1502913.9005354813
2025-02-04T00:00:00.000Z,1527647.9669962514
2025-02-05T00:00:00.000Z,1494221.3953694815
2025-02-06T00:00:00.000Z,1499576.2091277214
2025-02-07T00:00:00.000Z,1502426.2774622415
2025-02-08T00:00:00.000Z,1502395.8051701814
2025-02-09T00:00:00.000Z,1507115.0244250214
2025-02-10T00:00:00.000Z,1506256.7847910814
2025-02-11T00:00:00.000Z,1507683.7550947315
2025-02-12T00:00:00.000Z,1509003.8517429314
2025-02-13T00:00:00.000Z,1512841.2222728115
2025-02-14T00:00:00.000Z,1506609.2341850414
2025-02-15T00:00:00.000Z,1506500.1205560314
2025-02-16T00:00:00.000Z,1505099.9307025215
2025-02-17T00:00:00.000Z,1506972.3839231115
2025-02-18T00:00:00.000Z,1510268.1159228315
2025-02-19T00:00:00.000Z,1510992.3534705315
2025-02-20T00:00:00.000Z,1508305.1703379115
2025-02-21T00:00:00.000Z,1505866.0734402915
2025-02-22T00:00:00.000Z,1496447.5913664214
2025-02-23T00:00:00.000Z,1493822.9925148815
2025-02-24T00:00:00.000Z,1496482.3384389514
2025-02-25T00:00:00.000Z,1512559.4727535914
2025-02-26T00:00:00.000Z,1511973.6648637315
2025-02-27T00:00:00.000Z,1511238.3603259115
2025-02-28T00:00:00.000Z,1510295.1127047515
2025-03-01T00:00:00.000Z,1509413.3667949415
2025-03-02T00:00:00.000Z,1503975.1727536216
2025-03-03T00:00:00.000Z,1512395.6916452216
2025-03-04T00:00:00.000Z,1511988.3057923114
2025-03-05T00:00:00.000Z,1514642.8721392115
2025-03-06T00:00:00.000Z,1517969.4850105415
2025-03-07T00:00:00.000Z,1522181.5628724515
2025-03-08T00:00:00.000Z,1522789.4011513016
2025-03-09T00:00:00.000Z,1523793.0235385615
2025-03-10T00:00:00.000Z,1521680.8748971815
2025-03-11T00:00:00.000Z,1524096.6055480214
2025-03-12T00:00:00.000Z,1525698.2619908415
2025-03-13T00:00:00.000Z,1527745.7648833415
2025-03-14T00:00:00.000Z,1529413.4292056116
2025-03-15T00:00:00.000Z,1528333.7570434415
2025-03-16T00:00:00.000Z,1528761.4939611715
2025-03-17T00:00:00.000Z,1529884.7344294416
2025-03-18T00:00:00.000Z,1532228.9189217316
2025-03-19T00:00:00.000Z,1528710.9973378216
2025-03-20T00:00:00.000Z,1527601.3336370615
2025-03-21T00:00:00.000Z,1528291.8946880915
2025-03-22T00:00:00.000Z,1527778.2510416114
2025-03-23T00:00:00.000Z,1526707.3762033016
2025-03-24T00:00:00.000Z,1517150.3092307316
2025-03-25T00:00:00.000Z,1497412.4865368616
2025-03-26T00:00:00.000Z,1498829.6413884915
2025-03-27T00:00:00.000Z,1495234.2011919015
2025-03-28T00:00:00.000Z,1494595.0522840815
2025-03-29T00:00:00.000Z,1495503.4804286414
2025-03-30T00:00:00.000Z,1496315.0475283915
2025-03-31T00:00:00.000Z,1500305.1996178615
2025-04-01T00:00:00.000Z,1500105.4153682515
2025-04-02T00:00:00.000Z,1498991.1693725914
2025-04-03T00:00:00.000Z,1497785.2140457416
2025-04-04T00:00:00.000Z,1497359.4865720216
2025-04-05T00:00:00.000Z,1500327.6210226314
2025-04-06T00:00:00.000Z,1504414.8142657215
2025-04-07T00:00:00.000Z,1506912.3794115714
2025-04-08T00:00:00.000Z,1511455.1315657715
2025-04-09T00:00:00.000Z,1505622.7408280615
2025-04-10T00:00:00.000Z,1502954.2302619214
2025-04-11T00:00:00.000Z,1501749.7254365815
2025-04-12T00:00:00.000Z,1505210.3799749315
2025-04-13T00:00:00.000Z,1506121.0309521616
2025-04-14T00:00:00.000Z,1499743.1077176617
2025-04-15T00:00:00.000Z,1497597.2097481117
2025-04-16T00:00:00.000Z,1493823.2233930116
2025-04-17T00:00:00.000Z,1490562.8096972117
2025-04-18T00:00:00.000Z,1490454.4448555917
2025-04-19T00:00:00.000Z,1489105.5797934216
2025-04-20T00:00:00.000Z,1488131.2121997117
2025-04-21T00:00:00.000Z,1483791.1855335915
2025-04-22T00:00:00.000Z,1477013.4490433617
2025-04-23T00:00:00.000Z,1472147.7365616316
2025-04-24T00:00:00.000Z,1461011.9770170816
2025-04-25T00:00:00.000Z,1446100.9400192017
2025-04-26T00:00:00.000Z,1452656.3591505417
2025-04-27T00:00:00.000Z,1454641.4308267715
2025-04-28T00:00:00.000Z,1453506.9565641317
2025-04-29T00:00:00.000Z,1443524.9855910817
2025-04-30T00:00:00.000Z,1443723.2302271517
2025-05-01T00:00:00.000Z,1439371.9602187416
2025-05-02T00:00:00.000Z,1434781.3744553917
2025-05-03T00:00:00.000Z,1435741.9532624916
2025-05-04T00:00:00.000Z,1436021.6911306316
2025-05-05T00:00:00.000Z,1438770.7539643915
2025-05-06T00:00:00.000Z,1439494.5027554918
2025-05-07T00:00:00.000Z,1441575.9297428317
2025-05-08T00:00:00.000Z,1440011.8412470617
2025-05-09T00:00:00.000Z,1435221.2736162518
2025-05-10T00:00:00.000Z,1436080.6749189417
2025-05-11T00:00:00.000Z,1436608.9235406017
2025-05-12T00:00:00.000Z,1432027.6619123416
2025-05-13T00:00:00.000Z,1433403.8217290416
2025-05-14T00:00:00.000Z,1432186.2549503217
2025-05-15T00:00:00.000Z,1433055.2653224517
2025-05-16T00:00:00.000Z,1430470.1585850918
2025-05-17T00:00:00.000Z,1429265.7330973716
2025-05-18T00:00:00.000Z,1430412.6136581718
2025-05-19T00:00:00.000Z,1418011.1967885718
2025-05-20T00:00:00.000Z,1416648.4308914517
2025-05-21T00:00:00.000Z,1419147.7143734817
2025-05-22T00:00:00.000Z,1420954.2768685718
2025-05-23T00:00:00.000Z,1417208.2796917718
2025-05-24T00:00:00.000Z,1414374.9187697817
2025-05-25T00:00:00.000Z,1413002.4806799018
2025-05-26T00:00:00.000Z,1411072.6836972418
2025-05-27T00:00:00.000Z,1408657.3235666917
2025-05-28T00:00:00.000Z,1410004.5105524217
2025-05-29T00:00:00.000Z,1402879.7161348017
2025-05-30T00:00:00.000Z,1384633.6382620118
2025-05-31T00:00:00.000Z,1383901.5390532818
2025-06-01T00:00:00.000Z,1380989.0638135218
2025-06-02T00:00:00.000Z,1366451.8914603416
2025-06-03T00:00:00.000Z,1224155.0594036717
2025-06-04T00:00:00.000Z,1213992.1537690116
2025-06-05T00:00:00.000Z,1202308.3531373017
2025-06-06T00:00:00.000Z,1201542.5099803617
2025-06-07T00:00:00.000Z,1201130.6729868415
2025-06-08T00:00:00.000Z,1197296.3506479417
2025-06-09T00:00:00.000Z,1194696.6446762516
2025-06-10T00:00:00.000Z,1212991.2266334817
2025-06-11T00:00:00.000Z,1216322.1959168615
2025-06-12T00:00:00.000Z,1220985.9684438715
2025-06-13T00:00:00.000Z,1232845.3112531316
2025-06-14T00:00:00.000Z,1237761.4553581716
2025-06-15T00:00:00.000Z,1237888.2748686315
2025-06-16T00:00:00.000Z,1217056.0975079716
2025-06-17T00:00:00.000Z,1225644.0282939817
2025-06-18T00:00:00.000Z,1225608.7378132015
2025-06-19T00:00:00.000Z,1226814.2812649817
2025-06-20T00:00:00.000Z,1227646.2039425117
2025-06-21T00:00:00.000Z,1229350.3625689417
2025-06-22T00:00:00.000Z,1230619.0609686417
2025-06-23T00:00:00.000Z,1229833.6231653616
2025-06-24T00:00:00.000Z,1228617.1970622616
2025-06-25T00:00:00.000Z,1229407.0061023717
2025-06-26T00:00:00.000Z,1234725.4382195715
2025-06-27T00:00:00.000Z,1231322.4531204517
2025-06-28T00:00:00.000Z,1231722.6932002015
2025-06-29T00:00:00.000Z,1231961.2413723716
2025-06-30T00:00:00.000Z,1228833.4985620815
2025-07-01T00:00:00.000Z,1230090.4422963616
2025-07-02T00:00:00.000Z,1227352.1461445915
2025-07-03T00:00:00.000Z,1233971.0028315117
2025-07-04T00:00:00.000Z,1236407.6415598316
2025-07-05T00:00:00.000Z,1235987.0448792516
2025-07-06T00:00:00.000Z,1234682.7454843416
2025-07-07T00:00:00.000Z,1235043.5985188317
2025-07-08T00:00:00.000Z,1232644.0148052117
2025-07-09T00:00:00.000Z,1231118.9077728416
2025-07-10T00:00:00.000Z,1228817.1573396516
2025-07-11T00:00:00.000Z,1231388.2152051616
2025-07-12T00:00:00.000Z,1225192.8892884715
2025-07-13T00:00:00.000Z,1226954.3330371815
2025-07-14T00:00:00.000Z,1235120.2162469116
2025-07-15T00:00:00.000Z,1255759.2428569216
2025-07-16T00:00:00.000Z,1261020.5581083714
2025-07-17T00:00:00.000Z,1298046.3257279315
2025-07-18T00:00:00.000Z,1298113.6782706014
2025-07-19T00:00:00.000Z,1294287.8475817414
2025-07-20T00:00:00.000Z,1292865.6174193516
2025-07-21T00:00:00.000Z,1284815.1932558315
2025-07-22T00:00:00.000Z,1283198.2763818814
2025-07-23T00:00:00.000Z,1281662.2973484115
2025-07-24T00:00:00.000Z,1284012.8939024915
2025-07-25T00:00:00.000Z,1258031.7196325515
2025-07-26T00:00:00.000Z,1254899.6423610116
2025-07-27T00:00:00.000Z,1255332.9534600016
2025-07-28T00:00:00.000Z,1251681.2932827016
2025-07-29T00:00:00.000Z,1248626.3281353815
2025-07-30T00:00:00.000Z,1246343.0927605415
2025-07-31T00:00:00.000Z,1245164.6695086516
2025-08-01T00:00:00.000Z,1247369.4402167816
2025-08-02T00:00:00.000Z,1246953.9627459415
2025-08-03T00:00:00.000Z,1246431.0024602315
2025-08-04T00:00:00.000Z,1250104.3222071615
2025-08-05T00:00:00.000Z,1251036.0704124817
2025-08-06T00:00:00.000Z,1251611.0904980015
2025-08-07T00:00:00.000Z,1251395.9678363316
2025-08-08T00:00:00.000Z,1249204.1886769915
2025-08-09T00:00:00.000Z,1249778.4475256617
2025-08-10T00:00:00.000Z,1250866.1457953516
2025-08-11T00:00:00.000Z,1256127.7001237315
2025-08-12T00:00:00.000Z,1265560.4671887415
2025-08-13T00:00:00.000Z,1265588.1726152115
2025-08-14T00:00:00.000Z,1268457.8452646816
2025-08-15T00:00:00.000Z,1269295.1701365716
2025-08-16T00:00:00.000Z,1268649.6787167515
2025-08-17T00:00:00.000Z,1268227.5162556015
2025-08-18T00:00:00.000Z,1265242.3628641516
2025-08-19T00:00:00.000Z,1270033.7380326916
2025-08-20T00:00:00.000Z,1271655.0747756916
2025-08-21T00:00:00.000Z,1276423.1758445315
2025-08-22T00:00:00.000Z,1273488.6963891715
2025-08-23T00:00:00.000Z,1275232.5660736915
2025-08-24T00:00:00.000Z,1281026.6969623915
2025-08-25T00:00:00.000Z,1281015.1819906814
2025-08-26T00:00:00.000Z,1283179.8467351715
2025-08-27T00:00:00.000Z,1280910.2229959816
2025-08-28T00:00:00.000Z,1295195.0654074317
2025-08-29T00:00:00.000Z,1317866.4841016517
2025-08-30T00:00:00.000Z,1319030.6391944017
2025-08-31T00:00:00.000Z,1322155.8734708317
2025-09-01T00:00:00.000Z,1351334.8622658816
2025-09-02T00:00:00.000Z,1359339.4728785115
2025-09-03T00:00:00.000Z,1356287.5505438715
2025-09-04T00:00:00.000Z,1359395.9164402117
2025-09-05T00:00:00.000Z,1360427.5367698816
2025-09-06T00:00:00.000Z,1361053.8135904316
2025-09-07T00:00:00.000Z,1361430.6355015116
2025-09-08T00:00:00.000Z,1360971.9020539315
2025-09-09T00:00:00.000Z,1359924.7507555317
2025-09-10T00:00:00.000Z,1357398.0182403016
2025-09-11T00:00:00.000Z,1355126.3823712715
2025-09-12T00:00:00.000Z,1353222.5867409415
2025-09-13T00:00:00.000Z,1351126.5316179215
2025-09-14T00:00:00.000Z,1349234.8672488315
2025-09-15T00:00:00.000Z,1346221.6959163016
2025-09-16T00:00:00.000Z,1347805.9308783114
2025-09-17T00:00:00.000Z,1344936.9186265615
2025-09-18T00:00:00.000Z,1345734.9848908014
2025-09-19T00:00:00.000Z,1343083.6799115716
2025-09-20T00:00:00.000Z,1341105.6381419115
2025-09-21T00:00:00.000Z,1339691.0713230416
2025-09-22T00:00:00.000Z,1361296.4854713415
2025-09-23T00:00:00.000Z,1368371.8851973414
2025-09-24T00:00:00.000Z,1366645.0982646116
2025-09-25T00:00:00.000Z,1370938.0050503714
2025-09-26T00:00:00.000Z,1376222.4828813216
2025-09-27T00:00:00.000Z,1374790.2122194616
2025-09-28T00:00:00.000Z,1385697.4211770114
2025-09-29T00:00:00.000Z,1385436.7680888316
2025-09-30T00:00:00.000Z,1374019.3401687616
2025-10-01T00:00:00.000Z,1370306.2653561514
2025-10-02T00:00:00.000Z,1366683.2462733216
2025-10-03T00:00:00.000Z,1363506.2315703116
2025-10-04T00:00:00.000Z,1368141.5718559816
2025-10-05T00:00:00.000Z,1370329.5168683515
2025-10-06T00:00:00.000Z,1366665.6255484615
2025-10-07T00:00:00.000Z,1366205.6779530814
2025-10-08T00:00:00.000Z,1369211.8344967016
2025-10-09T00:00:00.000Z,1366546.4278396815
2025-10-10T00:00:00.000Z,1368916.4114970416
2025-10-11T00:00:00.000Z,1372553.2921683516
2025-10-12T00:00:00.000Z,1373281.2718893215
2025-10-13T00:00:00.000Z,1367943.4012702915
2025-10-14T00:00:00.000Z,1347947.1473663417
2025-10-15T00:00:00.000Z,1351912.7246194815
2025-10-16T00:00:00.000Z,1357187.7760209416
2025-10-17T00:00:00.000Z,1362124.9176135815
2025-10-18T00:00:00.000Z,1362364.5817977015
2025-10-19T00:00:00.000Z,1360193.2056604216
2025-10-20T00:00:00.000Z,1359735.0255992117
2025-10-21T00:00:00.000Z,1366592.3492014715
2025-10-22T00:00:00.000Z,1366686.8617939816
2025-10-23T00:00:00.000Z,1369401.8017818516
2025-10-24T00:00:00.000Z,1365662.6115128817
2025-10-25T00:00:00.000Z,1366406.4463501216
2025-10-26T00:00:00.000Z,1367293.0391494015
2025-10-27T00:00:00.000Z,1368485.6259602816
2025-10-28T00:00:00.000Z,1368587.4103901316
2025-10-29T00:00:00.000Z,1367720.0622831015
2025-10-30T00:00:00.000Z,1371989.8046872115
2025-10-31T00:00:00.000Z,1377728.9044320516
2025-11-01T00:00:00.000Z,1378967.6794588915
2025-11-02T00:00:00.000Z,1379617.0843697016
2025-11-03T00:00:00.000Z,1374067.6657210116
2025-11-04T00:00:00.000Z,1378616.2802659115
2025-11-05T00:00:00.000Z,1379560.9766792816
2025-11-06T00:00:00.000Z,1379996.5306271415
2025-11-07T00:00:00.000Z,1378282.8210083216
2025-11-08T00:00:00.000Z,1378652.2754253815
2025-11-09T00:00:00.000Z,1377531.5133750315
2025-11-10T00:00:00.000Z,1377520.5694503316
2025-11-11T00:00:00.000Z,1377538.0755229716
2025-11-12T00:00:00.000Z,1374811.8506967416
2025-11-13T00:00:00.000Z,1382147.1486410017
2025-11-14T00:00:00.000Z,1384305.6268279615
2025-11-15T00:00:00.000Z,1384723.0256209716
2025-11-16T00:00:00.000Z,1387552.2636846516
2025-11-17T00:00:00.000Z,1396906.5768807016
2025-11-18T00:00:00.000Z,1393200.4648413616
2025-11-19T00:00:00.000Z,1393663.1498884717
2025-11-20T00:00:00.000Z,1397428.3484274417
2025-11-21T00:00:00.000Z,1404157.3562738816
2025-11-22T00:00:00.000Z,1403676.3324366717
2025-11-23T00:00:00.000Z,1400864.4282809116
2025-11-24T00:00:00.000Z,1403401.6122883016
2025-11-25T00:00:00.000Z,1400253.1771125216
2025-11-26T00:00:00.000Z,1398503.8404735418
2025-11-27T00:00:00.000Z,1400160.5214238716
2025-11-28T00:00:00.000Z,1397122.6639206717
2025-11-29T00:00:00.000Z,1395694.5431221917
2025-11-30T00:00:00.000Z,1395137.5875071117
2025-12-01T00:00:00.000Z,1398947.4695534618
2025-12-02T00:00:00.000Z,1388921.6018287817
2025-12-03T00:00:00.000Z,1385406.2609634816
2025-12-04T00:00:00.000Z,1383290.4704710217
2025-12-05T00:00:00.000Z,1378429.1268323816
2025-12-06T00:00:00.000Z,1378803.5960193516
2025-12-07T00:00:00.000Z,1379396.5685051717
2025-12-08T00:00:00.000Z,1374121.8209138417
2025-12-09T00:00:00.000Z,1372864.3927008817
2025-12-10T00:00:00.000Z,1376537.6171209817
2025-12-11T00:00:00.000Z,1376442.6649606016
2025-12-12T00:00:00.000Z,1375831.4751326316
2025-12-13T00:00:00.000Z,1376815.8778838618
2025-12-14T00:00:00.000Z,1379698.4356734816
2025-12-15T00:00:00.000Z,1383155.9573196818
2025-12-16T00:00:00.000Z,1386128.4510052416
2025-12-17T00:00:00.000Z,1391229.4295250417
2025-12-18T00:00:00.000Z,1396009.9095440216
2025-12-19T00:00:00.000Z,1398344.1775429116
2025-12-20T00:00:00.000Z,1398051.6856414117
2025-12-21T00:00:00.000Z,1398760.0663317416
2025-12-22T00:00:00.000Z,1397489.6309758816
2025-12-23T00:00:00.000Z,1393729.3775173216
2025-12-24T00:00:00.000Z,1394331.3775363117
2025-12-25T00:00:00.000Z,1393799.2084192918
2025-12-26T00:00:00.000Z,1397963.9997087817
2025-12-27T00:00:00.000Z,1397294.3145442016
2025-12-28T00:00:00.000Z,1397385.8269644417
2025-12-29T00:00:00.000Z,1400582.1962735616
2025-12-30T00:00:00.000Z,1392988.1243308617
2025-12-31T00:00:00.000Z,1383530.9580546517
2026-01-01T00:00:00.000Z,1382170.7668947317
2026-01-02T00:00:00.000Z,1385366.9873439616
2026-01-03T00:00:00.000Z,1385864.1929030716
2026-01-04T00:00:00.000Z,1385174.7211391018
2026-01-05T00:00:00.000Z,1377515.0643195016
2026-01-06T00:00:00.000Z,1382639.5446690416
2026-01-07T00:00:00.000Z,1383088.7047404416
2026-01-08T00:00:00.000Z,1381651.0761559017
2026-01-09T00:00:00.000Z,1382194.9593603017
2026-01-10T00:00:00.000Z,1381461.4393737118
2026-01-11T00:00:00.000Z,1382877.8660721318
2026-01-12T00:00:00.000Z,1382649.7719931516
2026-01-13T00:00:00.000Z,1356867.3931793517
2026-01-14T00:00:00.000Z,1351343.9274788918
2026-01-15T00:00:00.000Z,1349123.8747668318
2026-01-16T00:00:00.000Z,1351753.4123930817
2026-01-17T00:00:00.000Z,1350725.4079179417
2026-01-18T00:00:00.000Z,1350366.9040949217
2026-01-19T00:00:00.000Z,1352610.5591912917
2026-01-20T00:00:00.000Z,1356340.9234720918
2026-01-21T00:00:00.000Z,1362976.6048195618
2026-01-22T00:00:00.000Z,1365616.5121839216
2026-01-23T00:00:00.000Z,1366095.0598366216
2026-01-24T00:00:00.000Z,1365941.2403840518
2026-01-25T00:00:00.000Z,1367099.6401996817
2026-01-26T00:00:00.000Z,1363600.7586422018
2026-01-27T00:00:00.000Z,1364398.7697051817
2026-01-28T00:00:00.000Z,1362547.0358834018
2026-01-29T00:00:00.000Z,1363349.0070314417
2026-01-30T00:00:00.000Z,1381585.6862738617
2026-01-31T00:00:00.000Z,1389301.5886091518
2026-02-01T00:00:00.000Z,1389498.5882448717
2026-02-02T00:00:00.000Z,1395728.8814233318
2026-02-03T00:00:00.000Z,1392797.6815271818
2026-02-04T00:00:00.000Z,1397201.3277114618
2026-02-05T00:00:00.000Z,1412884.8169268616
2026-02-06T00:00:00.000Z,1399355.9997673018
2026-02-07T00:00:00.000Z,1402700.0741338118
2026-02-08T00:00:00.000Z,1400799.4828072917
2026-02-09T00:00:00.000Z,1394173.6735243218
2026-02-10T00:00:00.000Z,1390918.5461358917
2026-02-11T00:00:00.000Z,1393175.3620787216
2026-02-12T00:00:00.000Z,1400023.6401198916
2026-02-13T00:00:00.000Z,1400330.6953042618
2026-02-14T00:00:00.000Z,1404744.9018429518
2026-02-15T00:00:00.000Z,1402813.5227776016
2026-02-16T00:00:00.000Z,1402446.7954501417
2026-02-17T00:00:00.000Z,1403477.7308494817
2026-02-18T00:00:00.000Z,1393973.1008824517
2026-02-19T00:00:00.000Z,1395514.5407643216
2026-02-20T00:00:00.000Z,1403198.3500074416
2026-02-21T00:00:00.000Z,1407648.7991930917
2026-02-22T00:00:00.000Z,1408061.8854359717
2026-02-23T00:00:00.000Z,1406877.7234821618
2026-02-24T00:00:00.000Z,1408362.0035075017
2026-02-25T00:00:00.000Z,1403800.6982065917
2026-02-26T00:00:00.000Z,1397278.8432012617
2026-02-27T00:00:00.000Z,1394987.0836883916
2026-02-28T00:00:00.000Z,1394087.0927251717
2026-03-01T00:00:00.000Z,1394069.7006212017
2026-03-02T00:00:00.000Z,1392068.2592488017
2026-03-03T00:00:00.000Z,1388302.5372183917
2026-03-04T00:00:00.000Z,1362352.8263985417
2026-03-05T00:00:00.000Z,1358095.7402339317
2026-03-06T00:00:00.000Z,1356871.6313998317
2026-03-07T00:00:00.000Z,1356200.5566772018
2026-03-08T00:00:00.000Z,1357601.7605129117
2026-03-09T00:00:00.000Z,1360503.3123708216
2026-03-10T00:00:00.000Z,1356350.1509894116
2026-03-11T00:00:00.000Z,1349935.4851907117
2026-03-12T00:00:00.000Z,1343455.2289178316
2026-03-13T00:00:00.000Z,1330179.0191731616
2026-03-14T00:00:00.000Z,1333671.0827995916
2026-03-15T00:00:00.000Z,1332094.7579501115
2026-03-16T00:00:00.000Z,1334482.5771737115
2026-03-17T00:00:00.000Z,1332041.6385122216
2026-03-18T00:00:00.000Z,1330673.6529715715
2026-03-19T00:00:00.000Z,1332418.9508851217
2026-03-20T00:00:00.000Z,1334193.1828233015
2026-03-21T00:00:00.000Z,1333816.6693238716
2026-03-22T00:00:00.000Z,1325849.1679812316
2026-03-23T00:00:00.000Z,1323054.2536375416
2026-03-24T00:00:00.000Z,1324530.3849593317
2026-03-25T00:00:00.000Z,1317675.0001991217
2026-03-26T00:00:00.000Z,1315940.8572090915
2026-03-27T00:00:00.000Z,1318220.4050925116
2026-03-28T00:00:00.000Z,1319148.0054633715
2026-03-29T00:00:00.000Z,1318466.8006494117
2026-03-30T00:00:00.000Z,1322670.1492021016
2026-03-31T00:00:00.000Z,1319723.2833650017
2026-04-01T00:00:00.000Z,1317209.4148437616
2026-04-02T00:00:00.000Z,1318670.0645117317
2026-04-03T00:00:00.000Z,1318674.7247278616
2026-04-04T00:00:00.000Z,1317466.6422573016
2026-04-05T00:00:00.000Z,1317589.1715358517
2026-04-06T00:00:00.000Z,1318016.1261142017
2026-04-07T00:00:00.000Z,1319482.0369528616
2026-04-08T00:00:00.000Z,1319582.1163767218
2026-04-09T00:00:00.000Z,1316174.2196674617
2026-04-10T00:00:00.000Z,1312780.0858613218
2026-04-11T00:00:00.000Z,1312287.1536330117
2026-04-12T00:00:00.000Z,1311789.0960713618
2026-04-13T00:00:00.000Z,1305160.1173690418
2026-04-14T00:00:00.000Z,1304696.5782397217
2026-04-15T00:00:00.000Z,1299315.3270794216
2026-04-16T00:00:00.000Z,1294690.6817292818
2026-04-17T00:00:00.000Z,1300322.5698293417
2026-04-18T00:00:00.000Z,1303742.3726702917
2026-04-19T00:00:00.000Z,1306055.5384669916
2026-04-20T00:00:00.000Z,1297216.3206804618
2026-04-21T00:00:00.000Z,1294992.0046775118
2026-04-22T00:00:00.000Z,1292612.5894054016
2026-04-23T00:00:00.000Z,1288562.1421560517
2026-04-24T00:00:00.000Z,1291212.0860694817
2026-04-25T00:00:00.000Z,1282603.1614389818
2026-04-26T00:00:00.000Z,1283183.1224904018
2026-04-27T00:00:00.000Z,1284413.6677435217
2026-04-28T00:00:00.000Z,1291471.5969860617
2026-04-29T00:00:00.000Z,1292354.6949904617
2026-04-30T00:00:00.000Z,1291023.7857486317
2026-05-01T00:00:00.000Z,1290451.8287639318
2026-05-02T00:00:00.000Z,1290039.4871143117
2026-05-03T00:00:00.000Z,1289612.1652140918
2026-05-04T00:00:00.000Z,1289013.5220053317
2026-05-05T00:00:00.000Z,1289529.7368143518
2026-05-06T00:00:00.000Z,1291786.5797078416
2026-05-07T00:00:00.000Z,1289288.2306682416
2026-05-08T00:00:00.000Z,1291493.8684504617
2026-05-09T00:00:00.000Z,1290839.5915478317
2026-05-10T00:00:00.000Z,1289165.2530603616
2026-05-11T00:00:00.000Z,1291337.5176049815
2026-05-12T00:00:00.000Z,1295187.4411171817
2026-05-13T00:00:00.000Z,1299584.7244389416
2026-05-14T00:00:00.000Z,1293953.2278088217
2026-05-15T00:00:00.000Z,1291888.5701098517
2026-05-16T00:00:00.000Z,1292614.1648396116
2026-05-17T00:00:00.000Z,1293292.8212280616
2026-05-18T00:00:00.000Z,1297352.4556834216
2026-05-19T00:00:00.000Z,1299639.8483780816
2026-05-20T00:00:00.000Z,1300997.4550038218
2026-05-21T00:00:00.000Z,1302233.7050312418
2026-05-22T00:00:00.000Z,1302277.9837675716
2026-05-23T00:00:00.000Z,1301523.2850248117
2026-05-24T00:00:00.000Z,1302961.0713562816
2026-05-25T00:00:00.000Z,1303022.0885192316
2026-05-26T00:00:00.000Z,1305936.0159302216
2026-05-27T00:00:00.000Z,1313922.5172780517
2026-05-28T00:00:00.000Z,1317933.9286546817
2026-05-29T00:00:00.000Z,1319051.4290451016
2026-05-30T00:00:00.000Z,1320184.2923634115
2026-05-31T00:00:00.000Z,1321184.8715001016
2026-06-01T00:00:00.000Z,1327115.2430082017
2026-06-02T00:00:00.000Z,1335477.4614335017
2026-06-03T00:00:00.000Z,1334034.0157069017
2026-06-04T00:00:00.000Z,1333175.6843514217
2026-06-05T00:00:00.000Z,1329755.3620161016
2026-06-06T00:00:00.000Z,1328874.0797976416
2026-06-07T00:00:00.000Z,1329066.7678346317
2026-06-08T00:00:00.000Z,1328145.7450928318
2026-06-09T00:00:00.000Z,1332683.3163103317
2026-06-10T00:00:00.000Z,1332651.3266633318
2026-06-11T00:00:00.000Z,1336350.3771900919
2026-06-12T00:00:00.000Z,1337421.2233562118
2026-06-13T00:00:00.000Z,1336709.883744632
2026-06-14T00:00:00.000Z,1336520.407791762
2026-06-15T00:00:00.000Z,1333494.8033528018
2026-06-16T00:00:00.000Z,1328622.9529282618
2026-06-17T00:00:00.000Z,1327066.6986240917
2026-06-18T00:00:00.000Z,1330461.5708815518
2026-06-19T00:00:00.000Z,1331889.459200102
2026-06-20T00:00:00.000Z,1331601.6023293019
2026-06-21T00:00:00.000Z,1317264.4271929117
2026-06-22T00:00:00.000Z,1317806.5386094518
2026-06-23T00:00:00.000Z,1317188.8212072318
2026-06-24T00:00:00.000Z,1319168.4868691417
2026-06-25T00:00:00.000Z,1321856.6368010717
2026-06-26T00:00:00.000Z,1322471.0580044817
2026-06-27T00:00:00.000Z,1321781.2459907418
2026-06-28T00:00:00.000Z,1320586.9771121817
2026-06-29T00:00:00.000Z,1323801.1590311518
2026-06-30T00:00:00.000Z,1320909.9591799919
2026-07-01T00:00:00.000Z,1320334.9293192218
2026-07-02T00:00:00.000Z,1320682.0096078017
2026-07-03T00:00:00.000Z,1319237.7348198718
2026-07-04T00:00:00.000Z,1318473.2157618017
2026-07-05T00:00:00.000Z,1319205.3099207717
2026-07-06T00:00:00.000Z,1317210.9218937617
2026-07-07T00:00:00.000Z,1320430.0928211117
2026-07-08T00:00:00.000Z,1319024.2427113217
2026-07-09T00:00:00.000Z,1319656.9463337916
2026-07-10T00:00:00.000Z,1316420.5167331817
2026-07-11T00:00:00.000Z,1315719.0544884917
2026-07-12T00:00:00.000Z,1315882.6916582717
2026-07-13T00:00:00.000Z,1320301.7907912417
2026-07-14T00:00:00.000Z,1320981.4822400818
2026-07-15T00:00:00.000Z,1317269.2592090117
2026-07-16T00:00:00.000Z,1315608.4751078216
2026-07-17T00:00:00.000Z,1317170.0277579017
2026-07-18T00:00:00.000Z,1314218.1656140217
2026-07-19T00:00:00.000Z,1315545.0591958717
2026-07-20T00:00:00.000Z,1308141.8622454316
2026-07-21T00:00:00.000Z,1307330.2736131817
2026-07-22T00:00:00.000Z,1309761.0267449117
2026-07-23T00:00:00.000Z,1309392.3429949116
2026-07-24T00:00:00.000Z,1309772.2644322517
2026-07-25T00:00:00.000Z,1310222.3687588917
2026-07-26T00:00:00.000Z,1310515.4716479117
2026-07-27T00:00:00.000Z,1307558.6411328018
2026-07-28T00:00:00.000Z,1304054.5133246016
2026-07-29T00:00:00.000Z,1305943.7565778417
2026-07-30T00:00:00.000Z,1307818.7050619817
2026-07-31T00:00:00.000Z,1313253.5528989816
2026-08-01T00:00:00.000Z,1312434.2433007618
2026-08-02T00:00:00.000Z,1313473.8361139817
2026-08-03T00:00:00.000Z,1318451.4501029816
2026-08-04T00:00:00.000Z,1315176.3196557616
2026-08-05T00:00:00.000Z,1315261.9545821818
2026-08-06T00:00:00.000Z,1312613.7419951516
2026-08-07T00:00:00.000Z,1314264.1481041915
2026-08-08T00:00:00.000Z,1316596.8381108416
2026-08-09T00:00:00.000Z,1318079.7634593216
2026-08-10T00:00:00.000Z,1317994.9308645916
2026-08-11T00:00:00.000Z,1321848.9855955215
2026-08-12T00:00:00.000Z,1328435.6267029915
2026-08-13T00:00:00.000Z,1332050.8191795116
2026-08-14T00:00:00.000Z,1333277.3399871916
2026-08-15T00:00:00.000Z,1335009.5689530415
2026-08-16T00:00:00.000Z,1335442.0736799215
2026-08-17T00:00:00.000Z,1332459.6000331915
2026-08-18T00:00:00.000Z,1330364.1280623816
2026-08-19T00:00:00.000Z,1330774.6111712814
2026-08-20T00:00:00.000Z,1331604.7417105315
2026-08-21T00:00:00.000Z,1337344.7723195315
2026-08-22T00:00:00.000Z,1341447.1563132715
2026-08-23T00:00:00.000Z,1339979.7319562116
2026-08-24T00:00:00.000Z,1340288.4481397916
2026-08-25T00:00:00.000Z,1345230.6584319216
2026-08-26T00:00:00.000Z,1341031.2159348615
2026-08-27T00:00:00.000Z,1338393.6794851115
2026-08-28T00:00:00.000Z,1339230.9809034816
2026-08-29T00:00:00.000Z,1337729.5049935416
2026-08-30T00:00:00.000Z,1338822.0522418516
2026-08-31T00:00:00.000Z,1339403.9348795814
2026-09-01T00:00:00.000Z,1338102.0452595816
2026-09-02T00:00:00.000Z,1340466.7865921515
2026-09-03T00:00:00.000Z,1339224.5665039716
2026-09-04T00:00:00.000Z,1333836.2673049315
2026-09-05T00:00:00.000Z,1336648.5090654015
2026-09-06T00:00:00.000Z,1335128.6849545715
2026-09-07T00:00:00.000Z,1336734.5247070515
2026-09-08T00:00:00.000Z,1336763.2370855215