Date,Network Growth
2023-12-31T00:00:00.000Z,80028
2024-01-01T00:00:00.000Z,72942
2024-01-02T00:00:00.000Z,91746
2024-01-03T00:00:00.000Z,86423
2024-01-04T00:00:00.000Z,90339
2024-01-05T00:00:00.000Z,88868
2024-01-06T00:00:00.000Z,92311
2024-01-07T00:00:00.000Z,106596
2024-01-08T00:00:00.000Z,92049
2024-01-09T00:00:00.000Z,91194
2024-01-10T00:00:00.000Z,94459
2024-01-11T00:00:00.000Z,99140
2024-01-12T00:00:00.000Z,89787
2024-01-13T00:00:00.000Z,86894
2024-01-14T00:00:00.000Z,82463
2024-01-15T00:00:00.000Z,96349
2024-01-16T00:00:00.000Z,95041
2024-01-17T00:00:00.000Z,86806
2024-01-18T00:00:00.000Z,95399
2024-01-19T00:00:00.000Z,94781
2024-01-20T00:00:00.000Z,88762
2024-01-21T00:00:00.000Z,85545
2024-01-22T00:00:00.000Z,89608
2024-01-23T00:00:00.000Z,83442
2024-01-24T00:00:00.000Z,88629
2024-01-25T00:00:00.000Z,90598
2024-01-26T00:00:00.000Z,98074
2024-01-27T00:00:00.000Z,102000
2024-01-28T00:00:00.000Z,102342
2024-01-29T00:00:00.000Z,101173
2024-01-30T00:00:00.000Z,92885
2024-01-31T00:00:00.000Z,97281
2024-02-01T00:00:00.000Z,85046
2024-02-02T00:00:00.000Z,86618
2024-02-03T00:00:00.000Z,80833
2024-02-04T00:00:00.000Z,85720
2024-02-05T00:00:00.000Z,88000
2024-02-06T00:00:00.000Z,91656
2024-02-07T00:00:00.000Z,99127
2024-02-08T00:00:00.000Z,87955
2024-02-09T00:00:00.000Z,79530
2024-02-10T00:00:00.000Z,86735
2024-02-11T00:00:00.000Z,86672
2024-02-12T00:00:00.000Z,76630
2024-02-13T00:00:00.000Z,83354
2024-02-14T00:00:00.000Z,87069
2024-02-15T00:00:00.000Z,88825
2024-02-16T00:00:00.000Z,94788
2024-02-17T00:00:00.000Z,97776
2024-02-18T00:00:00.000Z,87191
2024-02-19T00:00:00.000Z,90559
2024-02-20T00:00:00.000Z,90117
2024-02-21T00:00:00.000Z,90767
2024-02-22T00:00:00.000Z,91563
2024-02-23T00:00:00.000Z,102190
2024-02-24T00:00:00.000Z,95625
2024-02-25T00:00:00.000Z,97916
2024-02-26T00:00:00.000Z,101462
2024-02-27T00:00:00.000Z,112405
2024-02-28T00:00:00.000Z,116246
2024-02-29T00:00:00.000Z,115888
2024-03-01T00:00:00.000Z,102983
2024-03-02T00:00:00.000Z,112282
2024-03-03T00:00:00.000Z,103756
2024-03-04T00:00:00.000Z,118788
2024-03-05T00:00:00.000Z,129328
2024-03-06T00:00:00.000Z,110454
2024-03-07T00:00:00.000Z,114870
2024-03-08T00:00:00.000Z,113309
2024-03-09T00:00:00.000Z,107224
2024-03-10T00:00:00.000Z,104416
2024-03-11T00:00:00.000Z,114732
2024-03-12T00:00:00.000Z,115861
2024-03-13T00:00:00.000Z,126066
2024-03-14T00:00:00.000Z,129314
2024-03-15T00:00:00.000Z,126789
2024-03-16T00:00:00.000Z,121566
2024-03-17T00:00:00.000Z,113275
2024-03-18T00:00:00.000Z,118784
2024-03-19T00:00:00.000Z,121309
2024-03-20T00:00:00.000Z,121438
2024-03-21T00:00:00.000Z,119919
2024-03-22T00:00:00.000Z,120406
2024-03-23T00:00:00.000Z,127948
2024-03-24T00:00:00.000Z,112987
2024-03-25T00:00:00.000Z,119039
2024-03-26T00:00:00.000Z,127711
2024-03-27T00:00:00.000Z,119776
2024-03-28T00:00:00.000Z,120609
2024-03-29T00:00:00.000Z,124850
2024-03-30T00:00:00.000Z,132121
2024-03-31T00:00:00.000Z,129074
2024-04-01T00:00:00.000Z,109804
2024-04-02T00:00:00.000Z,95783
2024-04-03T00:00:00.000Z,95304
2024-04-04T00:00:00.000Z,103267
2024-04-05T00:00:00.000Z,108338
2024-04-06T00:00:00.000Z,104538
2024-04-07T00:00:00.000Z,97516
2024-04-08T00:00:00.000Z,108719
2024-04-09T00:00:00.000Z,103195
2024-04-10T00:00:00.000Z,103523
2024-04-11T00:00:00.000Z,106502
2024-04-12T00:00:00.000Z,128391
2024-04-13T00:00:00.000Z,90572
2024-04-14T00:00:00.000Z,93968
2024-04-15T00:00:00.000Z,97935
2024-04-16T00:00:00.000Z,104901
2024-04-17T00:00:00.000Z,100269
2024-04-18T00:00:00.000Z,110547
2024-04-19T00:00:00.000Z,97061
2024-04-20T00:00:00.000Z,104641
2024-04-21T00:00:00.000Z,105875
2024-04-22T00:00:00.000Z,103120
2024-04-23T00:00:00.000Z,105322
2024-04-24T00:00:00.000Z,99843
2024-04-25T00:00:00.000Z,103907
2024-04-26T00:00:00.000Z,110001
2024-04-27T00:00:00.000Z,99665
2024-04-28T00:00:00.000Z,124125
2024-04-29T00:00:00.000Z,139049
2024-04-30T00:00:00.000Z,127405
2024-05-01T00:00:00.000Z,116291
2024-05-02T00:00:00.000Z,139176
2024-05-03T00:00:00.000Z,144653
2024-05-04T00:00:00.000Z,173742
2024-05-05T00:00:00.000Z,196701
2024-05-06T00:00:00.000Z,124877
2024-05-07T00:00:00.000Z,123002
2024-05-08T00:00:00.000Z,110367
2024-05-09T00:00:00.000Z,112343
2024-05-10T00:00:00.000Z,115288
2024-05-11T00:00:00.000Z,82872
2024-05-12T00:00:00.000Z,93628
2024-05-13T00:00:00.000Z,94604
2024-05-14T00:00:00.000Z,108730
2024-05-15T00:00:00.000Z,105139
2024-05-16T00:00:00.000Z,108948
2024-05-17T00:00:00.000Z,105854
2024-05-18T00:00:00.000Z,105897
2024-05-19T00:00:00.000Z,97960
2024-05-20T00:00:00.000Z,94932
2024-05-21T00:00:00.000Z,120550
2024-05-22T00:00:00.000Z,102726
2024-05-23T00:00:00.000Z,95257
2024-05-24T00:00:00.000Z,103092
2024-05-25T00:00:00.000Z,109936
2024-05-26T00:00:00.000Z,103389
2024-05-27T00:00:00.000Z,97041
2024-05-28T00:00:00.000Z,88515
2024-05-29T00:00:00.000Z,97291
2024-05-30T00:00:00.000Z,103327
2024-05-31T00:00:00.000Z,110025
2024-06-01T00:00:00.000Z,100841
2024-06-02T00:00:00.000Z,90576
2024-06-03T00:00:00.000Z,94736
2024-06-04T00:00:00.000Z,98038
2024-06-05T00:00:00.000Z,89765
2024-06-06T00:00:00.000Z,89508
2024-06-07T00:00:00.000Z,95044
2024-06-08T00:00:00.000Z,108169
2024-06-09T00:00:00.000Z,97920
2024-06-10T00:00:00.000Z,104007
2024-06-11T00:00:00.000Z,103320
2024-06-12T00:00:00.000Z,107411
2024-06-13T00:00:00.000Z,109717
2024-06-14T00:00:00.000Z,104989
2024-06-15T00:00:00.000Z,105890
2024-06-16T00:00:00.000Z,100219
2024-06-17T00:00:00.000Z,89857
2024-06-18T00:00:00.000Z,89896
2024-06-19T00:00:00.000Z,93747
2024-06-20T00:00:00.000Z,92865
2024-06-21T00:00:00.000Z,112230
2024-06-22T00:00:00.000Z,122845
2024-06-23T00:00:00.000Z,104135
2024-06-24T00:00:00.000Z,115125
2024-06-25T00:00:00.000Z,109820
2024-06-26T00:00:00.000Z,106172
2024-06-27T00:00:00.000Z,94775
2024-06-28T00:00:00.000Z,105395
2024-06-29T00:00:00.000Z,98655
2024-06-30T00:00:00.000Z,88033
2024-07-01T00:00:00.000Z,94354
2024-07-02T00:00:00.000Z,96424
2024-07-03T00:00:00.000Z,89877
2024-07-04T00:00:00.000Z,87702
2024-07-05T00:00:00.000Z,83929
2024-07-06T00:00:00.000Z,92582
2024-07-07T00:00:00.000Z,87229
2024-07-08T00:00:00.000Z,85549
2024-07-09T00:00:00.000Z,86454
2024-07-10T00:00:00.000Z,84870
2024-07-11T00:00:00.000Z,91797
2024-07-12T00:00:00.000Z,93183
2024-07-13T00:00:00.000Z,92075
2024-07-14T00:00:00.000Z,81393
2024-07-15T00:00:00.000Z,85561
2024-07-16T00:00:00.000Z,92881
2024-07-17T00:00:00.000Z,93197
2024-07-18T00:00:00.000Z,92996
2024-07-19T00:00:00.000Z,89749
2024-07-20T00:00:00.000Z,86239
2024-07-21T00:00:00.000Z,94006
2024-07-22T00:00:00.000Z,87402
2024-07-23T00:00:00.000Z,90027
2024-07-24T00:00:00.000Z,101235
2024-07-25T00:00:00.000Z,91307
2024-07-26T00:00:00.000Z,98583
2024-07-27T00:00:00.000Z,95005
2024-07-28T00:00:00.000Z,75568
2024-07-29T00:00:00.000Z,84958
2024-07-30T00:00:00.000Z,88189
2024-07-31T00:00:00.000Z,86288
2024-08-01T00:00:00.000Z,82039
2024-08-02T00:00:00.000Z,82940
2024-08-03T00:00:00.000Z,75086
2024-08-04T00:00:00.000Z,79708
2024-08-05T00:00:00.000Z,75408
2024-08-06T00:00:00.000Z,83555
2024-08-07T00:00:00.000Z,80425
2024-08-08T00:00:00.000Z,82104
2024-08-09T00:00:00.000Z,82952
2024-08-10T00:00:00.000Z,83069
2024-08-11T00:00:00.000Z,82863
2024-08-12T00:00:00.000Z,81781
2024-08-13T00:00:00.000Z,97648
2024-08-14T00:00:00.000Z,111862
2024-08-15T00:00:00.000Z,79212
2024-08-16T00:00:00.000Z,87038
2024-08-17T00:00:00.000Z,76209
2024-08-18T00:00:00.000Z,77004
2024-08-19T00:00:00.000Z,82777
2024-08-20T00:00:00.000Z,88853
2024-08-21T00:00:00.000Z,89063
2024-08-22T00:00:00.000Z,106518
2024-08-23T00:00:00.000Z,107473
2024-08-24T00:00:00.000Z,99638
2024-08-25T00:00:00.000Z,86859
2024-08-26T00:00:00.000Z,102256
2024-08-27T00:00:00.000Z,100589
2024-08-28T00:00:00.000Z,104072
2024-08-29T00:00:00.000Z,112807
2024-08-30T00:00:00.000Z,109155
2024-08-31T00:00:00.000Z,92392
2024-09-01T00:00:00.000Z,90897
2024-09-02T00:00:00.000Z,89065
2024-09-03T00:00:00.000Z,93574
2024-09-04T00:00:00.000Z,91790
2024-09-05T00:00:00.000Z,89640
2024-09-06T00:00:00.000Z,97107
2024-09-07T00:00:00.000Z,111754
2024-09-08T00:00:00.000Z,126212
2024-09-09T00:00:00.000Z,91078
2024-09-10T00:00:00.000Z,98097
2024-09-11T00:00:00.000Z,111402
2024-09-12T00:00:00.000Z,95911
2024-09-13T00:00:00.000Z,103664
2024-09-14T00:00:00.000Z,102190
2024-09-15T00:00:00.000Z,120268
2024-09-16T00:00:00.000Z,79786
2024-09-17T00:00:00.000Z,81006
2024-09-18T00:00:00.000Z,79571
2024-09-19T00:00:00.000Z,80894
2024-09-20T00:00:00.000Z,81677
2024-09-21T00:00:00.000Z,70442
2024-09-22T00:00:00.000Z,73623
2024-09-23T00:00:00.000Z,75894
2024-09-24T00:00:00.000Z,81072
2024-09-25T00:00:00.000Z,79784
2024-09-26T00:00:00.000Z,83348
2024-09-27T00:00:00.000Z,96355
2024-09-28T00:00:00.000Z,93695
2024-09-29T00:00:00.000Z,88534
2024-09-30T00:00:00.000Z,86662
2024-10-01T00:00:00.000Z,87702
2024-10-02T00:00:00.000Z,85445
2024-10-03T00:00:00.000Z,93562
2024-10-04T00:00:00.000Z,94174
2024-10-05T00:00:00.000Z,90814
2024-10-06T00:00:00.000Z,76309
2024-10-07T00:00:00.000Z,80590
2024-10-08T00:00:00.000Z,82318
2024-10-09T00:00:00.000Z,84368
2024-10-10T00:00:00.000Z,81380
2024-10-11T00:00:00.000Z,119136
2024-10-12T00:00:00.000Z,97204
2024-10-13T00:00:00.000Z,78173
2024-10-14T00:00:00.000Z,97694
2024-10-15T00:00:00.000Z,92506
2024-10-16T00:00:00.000Z,93859
2024-10-17T00:00:00.000Z,129098
2024-10-18T00:00:00.000Z,128224
2024-10-19T00:00:00.000Z,117206
2024-10-20T00:00:00.000Z,94493
2024-10-21T00:00:00.000Z,99520
2024-10-22T00:00:00.000Z,103801
2024-10-23T00:00:00.000Z,108194
2024-10-24T00:00:00.000Z,86413
2024-10-25T00:00:00.000Z,91724
2024-10-26T00:00:00.000Z,89259
2024-10-27T00:00:00.000Z,67075
2024-10-28T00:00:00.000Z,81340
2024-10-29T00:00:00.000Z,85829
2024-10-30T00:00:00.000Z,81966
2024-10-31T00:00:00.000Z,83570
2024-11-01T00:00:00.000Z,90117
2024-11-02T00:00:00.000Z,83599
2024-11-03T00:00:00.000Z,86127
2024-11-04T00:00:00.000Z,84146
2024-11-05T00:00:00.000Z,86110
2024-11-06T00:00:00.000Z,90828
2024-11-07T00:00:00.000Z,92888
2024-11-08T00:00:00.000Z,104680
2024-11-09T00:00:00.000Z,89992
2024-11-10T00:00:00.000Z,100609
2024-11-11T00:00:00.000Z,110845
2024-11-12T00:00:00.000Z,112784
2024-11-13T00:00:00.000Z,112884
2024-11-14T00:00:00.000Z,122789
2024-11-15T00:00:00.000Z,111104
2024-11-16T00:00:00.000Z,122321
2024-11-17T00:00:00.000Z,119837
2024-11-18T00:00:00.000Z,110136
2024-11-19T00:00:00.000Z,117133
2024-11-20T00:00:00.000Z,118177
2024-11-21T00:00:00.000Z,122655
2024-11-22T00:00:00.000Z,132053
2024-11-23T00:00:00.000Z,128312
2024-11-24T00:00:00.000Z,111939
2024-11-25T00:00:00.000Z,121785
2024-11-26T00:00:00.000Z,112662
2024-11-27T00:00:00.000Z,113487
2024-11-28T00:00:00.000Z,121715
2024-11-29T00:00:00.000Z,126534
2024-11-30T00:00:00.000Z,113411
2024-12-01T00:00:00.000Z,115632
2024-12-02T00:00:00.000Z,135431
2024-12-03T00:00:00.000Z,134395
2024-12-04T00:00:00.000Z,129183
2024-12-05T00:00:00.000Z,131642
2024-12-06T00:00:00.000Z,132948
2024-12-07T00:00:00.000Z,122465
2024-12-08T00:00:00.000Z,121450
2024-12-09T00:00:00.000Z,134216
2024-12-10T00:00:00.000Z,131602
2024-12-11T00:00:00.000Z,123393
2024-12-12T00:00:00.000Z,134923
2024-12-13T00:00:00.000Z,122999
2024-12-14T00:00:00.000Z,116230
2024-12-15T00:00:00.000Z,107883
2024-12-16T00:00:00.000Z,114539
2024-12-17T00:00:00.000Z,124559
2024-12-18T00:00:00.000Z,112246
2024-12-19T00:00:00.000Z,104173
2024-12-20T00:00:00.000Z,104841
2024-12-21T00:00:00.000Z,102637
2024-12-22T00:00:00.000Z,141120
2024-12-23T00:00:00.000Z,113202
2024-12-24T00:00:00.000Z,105979
2024-12-25T00:00:00.000Z,114778
2024-12-26T00:00:00.000Z,103878
2024-12-27T00:00:00.000Z,110724
2024-12-28T00:00:00.000Z,106849
2024-12-29T00:00:00.000Z,105931
2024-12-30T00:00:00.000Z,111095
2024-12-31T00:00:00.000Z,110127
2025-01-01T00:00:00.000Z,91711
2025-01-02T00:00:00.000Z,98880
2025-01-03T00:00:00.000Z,116746
2025-01-04T00:00:00.000Z,102065
2025-01-05T00:00:00.000Z,104864
2025-01-06T00:00:00.000Z,106853
2025-01-07T00:00:00.000Z,104870
2025-01-08T00:00:00.000Z,100439
2025-01-09T00:00:00.000Z,101885
2025-01-10T00:00:00.000Z,104206
2025-01-11T00:00:00.000Z,97588
2025-01-12T00:00:00.000Z,94575
2025-01-13T00:00:00.000Z,95635
2025-01-14T00:00:00.000Z,106075
2025-01-15T00:00:00.000Z,107983
2025-01-16T00:00:00.000Z,117553
2025-01-17T00:00:00.000Z,113341
2025-01-18T00:00:00.000Z,122061
2025-01-19T00:00:00.000Z,166631
2025-01-20T00:00:00.000Z,179982
2025-01-21T00:00:00.000Z,136133
2025-01-22T00:00:00.000Z,145786
2025-01-23T00:00:00.000Z,127780
2025-01-24T00:00:00.000Z,156605
2025-01-25T00:00:00.000Z,206286
2025-01-26T00:00:00.000Z,145811
2025-01-27T00:00:00.000Z,119191
2025-01-28T00:00:00.000Z,114706
2025-01-29T00:00:00.000Z,112008
2025-01-30T00:00:00.000Z,116655
2025-01-31T00:00:00.000Z,109798
2025-02-01T00:00:00.000Z,101878
2025-02-02T00:00:00.000Z,94705
2025-02-03T00:00:00.000Z,99484
2025-02-04T00:00:00.000Z,124968
2025-02-05T00:00:00.000Z,108883
2025-02-06T00:00:00.000Z,120649
2025-02-07T00:00:00.000Z,126027
2025-02-08T00:00:00.000Z,114804
2025-02-09T00:00:00.000Z,116296
2025-02-10T00:00:00.000Z,128705
2025-02-11T00:00:00.000Z,121331
2025-02-12T00:00:00.000Z,115632
2025-02-13T00:00:00.000Z,117508
2025-02-14T00:00:00.000Z,119981
2025-02-15T00:00:00.000Z,105011
2025-02-16T00:00:00.000Z,95417
2025-02-17T00:00:00.000Z,114252
2025-02-18T00:00:00.000Z,116850
2025-02-19T00:00:00.000Z,116107
2025-02-20T00:00:00.000Z,127681
2025-02-21T00:00:00.000Z,118567
2025-02-22T00:00:00.000Z,119726
2025-02-23T00:00:00.000Z,114287
2025-02-24T00:00:00.000Z,117065
2025-02-25T00:00:00.000Z,130741
2025-02-26T00:00:00.000Z,115120
2025-02-27T00:00:00.000Z,131075
2025-02-28T00:00:00.000Z,118078
2025-03-01T00:00:00.000Z,111705
2025-03-02T00:00:00.000Z,99921
2025-03-03T00:00:00.000Z,125197
2025-03-04T00:00:00.000Z,118363
2025-03-05T00:00:00.000Z,113216
2025-03-06T00:00:00.000Z,125435
2025-03-07T00:00:00.000Z,114991
2025-03-08T00:00:00.000Z,106118
2025-03-09T00:00:00.000Z,110389
2025-03-10T00:00:00.000Z,111709
2025-03-11T00:00:00.000Z,121915
2025-03-12T00:00:00.000Z,113955
2025-03-13T00:00:00.000Z,114389
2025-03-14T00:00:00.000Z,105697
2025-03-15T00:00:00.000Z,94390
2025-03-16T00:00:00.000Z,86803
2025-03-17T00:00:00.000Z,98938
2025-03-18T00:00:00.000Z,92655
2025-03-19T00:00:00.000Z,101039
2025-03-20T00:00:00.000Z,107030
2025-03-21T00:00:00.000Z,108739
2025-03-22T00:00:00.000Z,106730
2025-03-23T00:00:00.000Z,98434
2025-03-24T00:00:00.000Z,113252
2025-03-25T00:00:00.000Z,126303
2025-03-26T00:00:00.000Z,137975
2025-03-27T00:00:00.000Z,133860
2025-03-28T00:00:00.000Z,135535
2025-03-29T00:00:00.000Z,112669
2025-03-30T00:00:00.000Z,103395
2025-03-31T00:00:00.000Z,132571
2025-04-01T00:00:00.000Z,136315
2025-04-02T00:00:00.000Z,137094
2025-04-03T00:00:00.000Z,127021
2025-04-04T00:00:00.000Z,151945
2025-04-05T00:00:00.000Z,124210
2025-04-06T00:00:00.000Z,107437
2025-04-07T00:00:00.000Z,123741
2025-04-08T00:00:00.000Z,140647
2025-04-09T00:00:00.000Z,136298
2025-04-10T00:00:00.000Z,139274
2025-04-11T00:00:00.000Z,126477
2025-04-12T00:00:00.000Z,112109
2025-04-13T00:00:00.000Z,90526
2025-04-14T00:00:00.000Z,102283
2025-04-15T00:00:00.000Z,111321
2025-04-16T00:00:00.000Z,103757
2025-04-17T00:00:00.000Z,105839
2025-04-18T00:00:00.000Z,112098
2025-04-19T00:00:00.000Z,101248
2025-04-20T00:00:00.000Z,84790
2025-04-21T00:00:00.000Z,112797
2025-04-22T00:00:00.000Z,120064
2025-04-23T00:00:00.000Z,138996
2025-04-24T00:00:00.000Z,125154
2025-04-25T00:00:00.000Z,125552
2025-04-26T00:00:00.000Z,109513
2025-04-27T00:00:00.000Z,109559
2025-04-28T00:00:00.000Z,119634
2025-04-29T00:00:00.000Z,120672
2025-04-30T00:00:00.000Z,117160
2025-05-01T00:00:00.000Z,115329
2025-05-02T00:00:00.000Z,114982
2025-05-03T00:00:00.000Z,100507
2025-05-04T00:00:00.000Z,97563
2025-05-05T00:00:00.000Z,110070
2025-05-06T00:00:00.000Z,121504
2025-05-07T00:00:00.000Z,119988
2025-05-08T00:00:00.000Z,137710
2025-05-09T00:00:00.000Z,112856
2025-05-10T00:00:00.000Z,99719
2025-05-11T00:00:00.000Z,93325
2025-05-12T00:00:00.000Z,104655
2025-05-13T00:00:00.000Z,120667
2025-05-14T00:00:00.000Z,129154
2025-05-15T00:00:00.000Z,143440
2025-05-16T00:00:00.000Z,133721
2025-05-17T00:00:00.000Z,134308
2025-05-18T00:00:00.000Z,115984
2025-05-19T00:00:00.000Z,131033
2025-05-20T00:00:00.000Z,134549
2025-05-21T00:00:00.000Z,116530
2025-05-22T00:00:00.000Z,118711
2025-05-23T00:00:00.000Z,117746
2025-05-24T00:00:00.000Z,114775
2025-05-25T00:00:00.000Z,105941
2025-05-26T00:00:00.000Z,125056
2025-05-27T00:00:00.000Z,121933
2025-05-28T00:00:00.000Z,120938
2025-05-29T00:00:00.000Z,115116
2025-05-30T00:00:00.000Z,121766
2025-05-31T00:00:00.000Z,103417
2025-06-01T00:00:00.000Z,110597
2025-06-02T00:00:00.000Z,129277
2025-06-03T00:00:00.000Z,126816
2025-06-04T00:00:00.000Z,113844
2025-06-05T00:00:00.000Z,122718
2025-06-06T00:00:00.000Z,138242
2025-06-07T00:00:00.000Z,157693
2025-06-08T00:00:00.000Z,136320
2025-06-09T00:00:00.000Z,139832
2025-06-10T00:00:00.000Z,140503
2025-06-11T00:00:00.000Z,147619
2025-06-12T00:00:00.000Z,125476
2025-06-13T00:00:00.000Z,117636
2025-06-14T00:00:00.000Z,125319
2025-06-15T00:00:00.000Z,121294
2025-06-16T00:00:00.000Z,123429
2025-06-17T00:00:00.000Z,140276
2025-06-18T00:00:00.000Z,142116
2025-06-19T00:00:00.000Z,134187
2025-06-20T00:00:00.000Z,129046
2025-06-21T00:00:00.000Z,111468
2025-06-22T00:00:00.000Z,109651
2025-06-23T00:00:00.000Z,108971
2025-06-24T00:00:00.000Z,190443
2025-06-25T00:00:00.000Z,256846
2025-06-26T00:00:00.000Z,171149
2025-06-27T00:00:00.000Z,134863
2025-06-28T00:00:00.000Z,121231
2025-06-29T00:00:00.000Z,113716
2025-06-30T00:00:00.000Z,120188
2025-07-01T00:00:00.000Z,128696
2025-07-02T00:00:00.000Z,131167
2025-07-03T00:00:00.000Z,132675
2025-07-04T00:00:00.000Z,130641
2025-07-05T00:00:00.000Z,113725
2025-07-06T00:00:00.000Z,107063
2025-07-07T00:00:00.000Z,124248
2025-07-08T00:00:00.000Z,119224
2025-07-09T00:00:00.000Z,121376
2025-07-10T00:00:00.000Z,123803
2025-07-11T00:00:00.000Z,122176
2025-07-12T00:00:00.000Z,123761
2025-07-13T00:00:00.000Z,107899
2025-07-14T00:00:00.000Z,121188
2025-07-15T00:00:00.000Z,122062
2025-07-16T00:00:00.000Z,125224
2025-07-17T00:00:00.000Z,126733
2025-07-18T00:00:00.000Z,136939
2025-07-19T00:00:00.000Z,124979
2025-07-20T00:00:00.000Z,119848
2025-07-21T00:00:00.000Z,133221
2025-07-22T00:00:00.000Z,140359
2025-07-23T00:00:00.000Z,140074
2025-07-24T00:00:00.000Z,148476
2025-07-25T00:00:00.000Z,136522
2025-07-26T00:00:00.000Z,120997
2025-07-27T00:00:00.000Z,137215
2025-07-28T00:00:00.000Z,132083
2025-07-29T00:00:00.000Z,148826
2025-07-30T00:00:00.000Z,192620
2025-07-31T00:00:00.000Z,193344
2025-08-01T00:00:00.000Z,149565
2025-08-02T00:00:00.000Z,129564
2025-08-03T00:00:00.000Z,123819
2025-08-04T00:00:00.000Z,142330
2025-08-05T00:00:00.000Z,162417
2025-08-06T00:00:00.000Z,170701
2025-08-07T00:00:00.000Z,157126
2025-08-08T00:00:00.000Z,152795
2025-08-09T00:00:00.000Z,135388
2025-08-10T00:00:00.000Z,143348
2025-08-11T00:00:00.000Z,136685
2025-08-12T00:00:00.000Z,142509
2025-08-13T00:00:00.000Z,147795
2025-08-14T00:00:00.000Z,153197
2025-08-15T00:00:00.000Z,171414
2025-08-16T00:00:00.000Z,123843
2025-08-17T00:00:00.000Z,118042
2025-08-18T00:00:00.000Z,144896
2025-08-19T00:00:00.000Z,138601
2025-08-20T00:00:00.000Z,140309
2025-08-21T00:00:00.000Z,143240
2025-08-22T00:00:00.000Z,138831
2025-08-23T00:00:00.000Z,145568
2025-08-24T00:00:00.000Z,119843
2025-08-25T00:00:00.000Z,126855
2025-08-26T00:00:00.000Z,129249
2025-08-27T00:00:00.000Z,127228
2025-08-28T00:00:00.000Z,152974
2025-08-29T00:00:00.000Z,152587
2025-08-30T00:00:00.000Z,134158
2025-08-31T00:00:00.000Z,147054
2025-09-01T00:00:00.000Z,133341
2025-09-02T00:00:00.000Z,157756
2025-09-03T00:00:00.000Z,160933
2025-09-04T00:00:00.000Z,152363
2025-09-05T00:00:00.000Z,158038
2025-09-06T00:00:00.000Z,133724
2025-09-07T00:00:00.000Z,129039
2025-09-08T00:00:00.000Z,178829
2025-09-09T00:00:00.000Z,164536
2025-09-10T00:00:00.000Z,153580
2025-09-11T00:00:00.000Z,176646
2025-09-12T00:00:00.000Z,165617
2025-09-13T00:00:00.000Z,162176
2025-09-14T00:00:00.000Z,137710
2025-09-15T00:00:00.000Z,163108
2025-09-16T00:00:00.000Z,167518
2025-09-17T00:00:00.000Z,159726
2025-09-18T00:00:00.000Z,172483
2025-09-19T00:00:00.000Z,167421
2025-09-20T00:00:00.000Z,148114
2025-09-21T00:00:00.000Z,124522
2025-09-22T00:00:00.000Z,133687
2025-09-23T00:00:00.000Z,156655
2025-09-24T00:00:00.000Z,132542
2025-09-25T00:00:00.000Z,125291
2025-09-26T00:00:00.000Z,139516
2025-09-27T00:00:00.000Z,119881
2025-09-28T00:00:00.000Z,122427
2025-09-29T00:00:00.000Z,152487
2025-09-30T00:00:00.000Z,155235
2025-10-01T00:00:00.000Z,163660
2025-10-02T00:00:00.000Z,148670
2025-10-03T00:00:00.000Z,150901
2025-10-04T00:00:00.000Z,123486
2025-10-05T00:00:00.000Z,130030
2025-10-06T00:00:00.000Z,128778
2025-10-07T00:00:00.000Z,143872
2025-10-08T00:00:00.000Z,155466
2025-10-09T00:00:00.000Z,151398
2025-10-10T00:00:00.000Z,136062
2025-10-11T00:00:00.000Z,135227
2025-10-12T00:00:00.000Z,147124
2025-10-13T00:00:00.000Z,153307
2025-10-14T00:00:00.000Z,135845
2025-10-15T00:00:00.000Z,163048
2025-10-16T00:00:00.000Z,157102
2025-10-17T00:00:00.000Z,163784
2025-10-18T00:00:00.000Z,156766
2025-10-19T00:00:00.000Z,137869
2025-10-20T00:00:00.000Z,127590
2025-10-21T00:00:00.000Z,147120
2025-10-22T00:00:00.000Z,149928
2025-10-23T00:00:00.000Z,154773
2025-10-24T00:00:00.000Z,143487
2025-10-25T00:00:00.000Z,120393
2025-10-26T00:00:00.000Z,114206
2025-10-27T00:00:00.000Z,168419
2025-10-28T00:00:00.000Z,168182
2025-10-29T00:00:00.000Z,147083
2025-10-30T00:00:00.000Z,139550
2025-10-31T00:00:00.000Z,157920
2025-11-01T00:00:00.000Z,138664
2025-11-02T00:00:00.000Z,170604
2025-11-03T00:00:00.000Z,129584
2025-11-04T00:00:00.000Z,146980
2025-11-05T00:00:00.000Z,142956
2025-11-06T00:00:00.000Z,128932
2025-11-07T00:00:00.000Z,139569
2025-11-08T00:00:00.000Z,161393
2025-11-09T00:00:00.000Z,159533
2025-11-10T00:00:00.000Z,145553
2025-11-11T00:00:00.000Z,147980
2025-11-12T00:00:00.000Z,131741
2025-11-13T00:00:00.000Z,134236
2025-11-14T00:00:00.000Z,141537
2025-11-15T00:00:00.000Z,152725
2025-11-16T00:00:00.000Z,128322
2025-11-17T00:00:00.000Z,146179
2025-11-18T00:00:00.000Z,155679
2025-11-19T00:00:00.000Z,150989
2025-11-20T00:00:00.000Z,137016
2025-11-21T00:00:00.000Z,130797
2025-11-22T00:00:00.000Z,136626
2025-11-23T00:00:00.000Z,132497
2025-11-24T00:00:00.000Z,150380
2025-11-25T00:00:00.000Z,157194
2025-11-26T00:00:00.000Z,171152
2025-11-27T00:00:00.000Z,174115
2025-11-28T00:00:00.000Z,177814
2025-11-29T00:00:00.000Z,134745
2025-11-30T00:00:00.000Z,125351
2025-12-01T00:00:00.000Z,186226
2025-12-02T00:00:00.000Z,190595
2025-12-03T00:00:00.000Z,197382
2025-12-04T00:00:00.000Z,192791
2025-12-05T00:00:00.000Z,165913
2025-12-06T00:00:00.000Z,143746
2025-12-07T00:00:00.000Z,101681
2025-12-08T00:00:00.000Z,119427
2025-12-09T00:00:00.000Z,153699
2025-12-10T00:00:00.000Z,167357
2025-12-11T00:00:00.000Z,165811
2025-12-12T00:00:00.000Z,131990
2025-12-13T00:00:00.000Z,137914
2025-12-14T00:00:00.000Z,150410
2025-12-15T00:00:00.000Z,174231
2025-12-16T00:00:00.000Z,195464
2025-12-17T00:00:00.000Z,189341
2025-12-18T00:00:00.000Z,161458
2025-12-19T00:00:00.000Z,199316
2025-12-20T00:00:00.000Z,197549
2025-12-21T00:00:00.000Z,166587
2025-12-22T00:00:00.000Z,220282
2025-12-23T00:00:00.000Z,286449
2025-12-24T00:00:00.000Z,274202
2025-12-25T00:00:00.000Z,211467
2025-12-26T00:00:00.000Z,242386
2025-12-27T00:00:00.000Z,240389
2025-12-28T00:00:00.000Z,255817
2025-12-29T00:00:00.000Z,307181
2025-12-30T00:00:00.000Z,316698
2025-12-31T00:00:00.000Z,313046
2026-01-01T00:00:00.000Z,271154
2026-01-02T00:00:00.000Z,309400
2026-01-03T00:00:00.000Z,281764
2026-01-04T00:00:00.000Z,245307
2026-01-05T00:00:00.000Z,291330
2026-01-06T00:00:00.000Z,278277
2026-01-07T00:00:00.000Z,270256
2026-01-08T00:00:00.000Z,319493
2026-01-09T00:00:00.000Z,336551
2026-01-10T00:00:00.000Z,315878
2026-01-11T00:00:00.000Z,321998
2026-01-12T00:00:00.000Z,393605
2026-01-13T00:00:00.000Z,443882
2026-01-14T00:00:00.000Z,447178
2026-01-15T00:00:00.000Z,438714
2026-01-16T00:00:00.000Z,361114
2026-01-17T00:00:00.000Z,357688
2026-01-18T00:00:00.000Z,285099
2026-01-19T00:00:00.000Z,377031
2026-01-20T00:00:00.000Z,351346
2026-01-21T00:00:00.000Z,374599
2026-01-22T00:00:00.000Z,383898
2026-01-23T00:00:00.000Z,351036
2026-01-24T00:00:00.000Z,343644
2026-01-25T00:00:00.000Z,289968
2026-01-26T00:00:00.000Z,318141
2026-01-27T00:00:00.000Z,337268
2026-01-28T00:00:00.000Z,351070
2026-01-29T00:00:00.000Z,317026
2026-01-30T00:00:00.000Z,391201
2026-01-31T00:00:00.000Z,379141
2026-02-01T00:00:00.000Z,417196
2026-02-02T00:00:00.000Z,368419
2026-02-03T00:00:00.000Z,414372
2026-02-04T00:00:00.000Z,394159
2026-02-05T00:00:00.000Z,293409
2026-02-06T00:00:00.000Z,303577
2026-02-07T00:00:00.000Z,318250
2026-02-08T00:00:00.000Z,281562
2026-02-09T00:00:00.000Z,307206
2026-02-10T00:00:00.000Z,325008
2026-02-11T00:00:00.000Z,274782
2026-02-12T00:00:00.000Z,287035
2026-02-13T00:00:00.000Z,334125
2026-02-14T00:00:00.000Z,252429
2026-02-15T00:00:00.000Z,221912
2026-02-16T00:00:00.000Z,252334
2026-02-17T00:00:00.000Z,273906
2026-02-18T00:00:00.000Z,275863
2026-02-19T00:00:00.000Z,263079
2026-02-20T00:00:00.000Z,255720
2026-02-21T00:00:00.000Z,264760
2026-02-22T00:00:00.000Z,242421
2026-02-23T00:00:00.000Z,268618
2026-02-24T00:00:00.000Z,301721
2026-02-25T00:00:00.000Z,245888
2026-02-26T00:00:00.000Z,298181
2026-02-27T00:00:00.000Z,267078
2026-02-28T00:00:00.000Z,252757
2026-03-01T00:00:00.000Z,249817
2026-03-02T00:00:00.000Z,258939
2026-03-03T00:00:00.000Z,287035
2026-03-04T00:00:00.000Z,276830
2026-03-05T00:00:00.000Z,293816
2026-03-06T00:00:00.000Z,276555
2026-03-07T00:00:00.000Z,255713
2026-03-08T00:00:00.000Z,211537
2026-03-09T00:00:00.000Z,289255
2026-03-10T00:00:00.000Z,332813
2026-03-11T00:00:00.000Z,351940
2026-03-12T00:00:00.000Z,283258
2026-03-13T00:00:00.000Z,267122
2026-03-14T00:00:00.000Z,236135
2026-03-15T00:00:00.000Z,265929
2026-03-16T00:00:00.000Z,258081
2026-03-17T00:00:00.000Z,244415
2026-03-18T00:00:00.000Z,251291
2026-03-19T00:00:00.000Z,273182
2026-03-20T00:00:00.000Z,316388
2026-03-21T00:00:00.000Z,244541
2026-03-22T00:00:00.000Z,203470
2026-03-23T00:00:00.000Z,222213
2026-03-24T00:00:00.000Z,246724
2026-03-25T00:00:00.000Z,251186
2026-03-26T00:00:00.000Z,234167
2026-03-27T00:00:00.000Z,205170
2026-03-28T00:00:00.000Z,236422
2026-03-29T00:00:00.000Z,182706
2026-03-30T00:00:00.000Z,264382
2026-03-31T00:00:00.000Z,243974
2026-04-01T00:00:00.000Z,246038
2026-04-02T00:00:00.000Z,249437
2026-04-03T00:00:00.000Z,221761
2026-04-04T00:00:00.000Z,206539
2026-04-05T00:00:00.000Z,187372
2026-04-06T00:00:00.000Z,257761
2026-04-07T00:00:00.000Z,249335
2026-04-08T00:00:00.000Z,245767
2026-04-09T00:00:00.000Z,263371
2026-04-10T00:00:00.000Z,314971
2026-04-11T00:00:00.000Z,206969
2026-04-12T00:00:00.000Z,189743
2026-04-13T00:00:00.000Z,244590
2026-04-14T00:00:00.000Z,219912
2026-04-15T00:00:00.000Z,192620
2026-04-16T00:00:00.000Z,185416
2026-04-17T00:00:00.000Z,171588
2026-04-18T00:00:00.000Z,152697
2026-04-19T00:00:00.000Z,130363
2026-04-20T00:00:00.000Z,164355
2026-04-21T00:00:00.000Z,186972
2026-04-22T00:00:00.000Z,145931
2026-04-23T00:00:00.000Z,157221
2026-04-24T00:00:00.000Z,149565
2026-04-25T00:00:00.000Z,226947
2026-04-26T00:00:00.000Z,149172
2026-04-27T00:00:00.000Z,121706
2026-04-28T00:00:00.000Z,132884
2026-04-29T00:00:00.000Z,131685
2026-04-30T00:00:00.000Z,181013
2026-05-01T00:00:00.000Z,161306
2026-05-02T00:00:00.000Z,111191
2026-05-03T00:00:00.000Z,115146
2026-05-04T00:00:00.000Z,142514
2026-05-05T00:00:00.000Z,221105
2026-05-06T00:00:00.000Z,240710
2026-05-07T00:00:00.000Z,181159
2026-05-08T00:00:00.000Z,148765
2026-05-09T00:00:00.000Z,204727
2026-05-10T00:00:00.000Z,170701
2026-05-11T00:00:00.000Z,161200
2026-05-12T00:00:00.000Z,203311
2026-05-13T00:00:00.000Z,257093
2026-05-14T00:00:00.000Z,140553
2026-05-15T00:00:00.000Z,176328
2026-05-16T00:00:00.000Z,181789
2026-05-17T00:00:00.000Z,146116
2026-05-18T00:00:00.000Z,182295
2026-05-19T00:00:00.000Z,180653
2026-05-20T00:00:00.000Z,160364
2026-05-21T00:00:00.000Z,148556
2026-05-22T00:00:00.000Z,156951
2026-05-23T00:00:00.000Z,129128
2026-05-24T00:00:00.000Z,123307
2026-05-25T00:00:00.000Z,152639
2026-05-26T00:00:00.000Z,144229
2026-05-27T00:00:00.000Z,156234
2026-05-28T00:00:00.000Z,159782
2026-05-29T00:00:00.000Z,259738
2026-05-30T00:00:00.000Z,135963
2026-05-31T00:00:00.000Z,136228
2026-06-01T00:00:00.000Z,147114
2026-06-02T00:00:00.000Z,179126
2026-06-03T00:00:00.000Z,171616
2026-06-04T00:00:00.000Z,129980
2026-06-05T00:00:00.000Z,136305
2026-06-06T00:00:00.000Z,241615
2026-06-07T00:00:00.000Z,140461
2026-06-08T00:00:00.000Z,139223
2026-06-09T00:00:00.000Z,220320
2026-06-10T00:00:00.000Z,194835
2026-06-11T00:00:00.000Z,177328
2026-06-12T00:00:00.000Z,191185
2026-06-13T00:00:00.000Z,153498
2026-06-14T00:00:00.000Z,132266
2026-06-15T00:00:00.000Z,151467
2026-06-16T00:00:00.000Z,178657
2026-06-17T00:00:00.000Z,209931
2026-06-18T00:00:00.000Z,171915
2026-06-19T00:00:00.000Z,159033
2026-06-20T00:00:00.000Z,128388
2026-06-21T00:00:00.000Z,132973
2026-06-22T00:00:00.000Z,202997
2026-06-23T00:00:00.000Z,170644
2026-06-24T00:00:00.000Z,177820
2026-06-25T00:00:00.000Z,183857
2026-06-26T00:00:00.000Z,165045
2026-06-27T00:00:00.000Z,116698
2026-06-28T00:00:00.000Z,108418
2026-06-29T00:00:00.000Z,143763
2026-06-30T00:00:00.000Z,171403
2026-07-01T00:00:00.000Z,193416
2026-07-02T00:00:00.000Z,166129
2026-07-03T00:00:00.000Z,189931
2026-07-04T00:00:00.000Z,150325
2026-07-05T00:00:00.000Z,179972
2026-07-06T00:00:00.000Z,196117
2026-07-07T00:00:00.000Z,183573
2026-07-08T00:00:00.000Z,150219
2026-07-09T00:00:00.000Z,149292
2026-07-10T00:00:00.000Z,196128
2026-07-11T00:00:00.000Z,158907
2026-07-12T00:00:00.000Z,120261
2026-07-13T00:00:00.000Z,169267
2026-07-14T00:00:00.000Z,149904
2026-07-15T00:00:00.000Z,154135
2026-07-16T00:00:00.000Z,180871
2026-07-17T00:00:00.000Z,159477
2026-07-18T00:00:00.000Z,130994
2026-07-19T00:00:00.000Z,115081
2026-07-20T00:00:00.000Z,179322
2026-07-21T00:00:00.000Z,177322
2026-07-22T00:00:00.000Z,172459
2026-07-23T00:00:00.000Z,180165
2026-07-24T00:00:00.000Z,183831
2026-07-25T00:00:00.000Z,142434
2026-07-26T00:00:00.000Z,116195
2026-07-27T00:00:00.000Z,199892
2026-07-28T00:00:00.000Z,156685
2026-07-29T00:00:00.000Z,204678
2026-07-30T00:00:00.000Z,208821
2026-07-31T00:00:00.000Z,167332
2026-08-01T00:00:00.000Z,134266
2026-08-02T00:00:00.000Z,148365
2026-08-03T00:00:00.000Z,183671
2026-08-04T00:00:00.000Z,187383
2026-08-05T00:00:00.000Z,182750
2026-08-06T00:00:00.000Z,173484
2026-08-07T00:00:00.000Z,171434
2026-08-08T00:00:00.000Z,121218
2026-08-09T00:00:00.000Z,144350
2026-08-10T00:00:00.000Z,161279
2026-08-11T00:00:00.000Z,189600
2026-08-12T00:00:00.000Z,163387
2026-08-13T00:00:00.000Z,187454
2026-08-14T00:00:00.000Z,212560
2026-08-15T00:00:00.000Z,151498
2026-08-16T00:00:00.000Z,146512
2026-08-17T00:00:00.000Z,212508
2026-08-18T00:00:00.000Z,185660
2026-08-19T00:00:00.000Z,161830
2026-08-20T00:00:00.000Z,163028
2026-08-21T00:00:00.000Z,156829
2026-08-22T00:00:00.000Z,148626
2026-08-23T00:00:00.000Z,154863
2026-08-24T00:00:00.000Z,147581
2026-08-25T00:00:00.000Z,193326
2026-08-26T00:00:00.000Z,164339
2026-08-27T00:00:00.000Z,168501
2026-08-28T00:00:00.000Z,155820
2026-08-29T00:00:00.000Z,137804
2026-08-30T00:00:00.000Z,138840
2026-08-31T00:00:00.000Z,152487
2026-09-01T00:00:00.000Z,185732
2026-09-02T00:00:00.000Z,182569
2026-09-03T00:00:00.000Z,175664
2026-09-04T00:00:00.000Z,183667
2026-09-05T00:00:00.000Z,182459
2026-09-06T00:00:00.000Z,201670
2026-09-07T00:00:00.000Z,192973
2026-09-08T00:00:00.000Z,190667